hypothesis,phase,passes,run,pair,position,label,native_sha256,lifecycle_ms,create_ms,close_ms,max_rss_bytes,window_peak_rss_bytes,peak_footprint_bytes,window_peak_footprint_bytes,pass0_api_ms,repeated_api_ms,pass1_api_ms,pass2_api_ms,pass3_api_ms,pass4_api_ms,pass5_api_ms,pass6_api_ms,pass7_api_ms,pass8_api_ms,pass9_api_ms,pass10_api_ms
h1,main,1,/Users/teble/project/android/DexKit-benchmark-data/qq-9.3.55/formal/h1-p1/pair-00-baseline,0,0,baseline,03eddd050d473950dbfc2d1757f1f541f11e168036b4431024c8c343ad5ce004,2412.99425,244.570959,738.612291,1691074560,1691074560,2104956928,2104956928,1394.796168,0.0,,,,,,,,,,
h1,main,1,/Users/teble/project/android/DexKit-benchmark-data/qq-9.3.55/formal/h1-p1/pair-00-h1,0,1,h1,548056cad01b01e1197572fc8d45de32152883498633f4cd2e086a85ac77c0ae,2322.558375,244.75475,686.871125,1979318272,1979318272,1972819776,1972819776,1356.066169,0.0,,,,,,,,,,
h1,main,1,/Users/teble/project/android/DexKit-benchmark-data/qq-9.3.55/formal/h1-p1/pair-01-baseline,1,0,baseline,03eddd050d473950dbfc2d1757f1f541f11e168036b4431024c8c343ad5ce004,2341.846,255.822292,737.372625,1901281280,1901281280,2098304960,2098304960,1313.122126,0.0,,,,,,,,,,
h1,main,1,/Users/teble/project/android/DexKit-benchmark-data/qq-9.3.55/formal/h1-p1/pair-01-h1,1,1,h1,548056cad01b01e1197572fc8d45de32152883498633f4cd2e086a85ac77c0ae,2212.681,236.625792,660.448125,1999552512,1999552512,1976096576,1976096576,1279.980875,0.0,,,,,,,,,,
h1,main,1,/Users/teble/project/android/DexKit-benchmark-data/qq-9.3.55/formal/h1-p1/pair-02-h1,2,0,h1,548056cad01b01e1197572fc8d45de32152883498633f4cd2e086a85ac77c0ae,2267.023167,239.303417,694.351042,1906458624,1906458624,1970968320,1970968320,1299.791,0.0,,,,,,,,,,
h1,main,1,/Users/teble/project/android/DexKit-benchmark-data/qq-9.3.55/formal/h1-p1/pair-02-baseline,2,1,baseline,03eddd050d473950dbfc2d1757f1f541f11e168036b4431024c8c343ad5ce004,2344.643792,252.473958,724.853542,1836204032,1836204032,2098993152,2098993152,1332.732293,0.0,,,,,,,,,,
h1,main,1,/Users/teble/project/android/DexKit-benchmark-data/qq-9.3.55/formal/h1-p1/pair-03-baseline,3,0,baseline,03eddd050d473950dbfc2d1757f1f541f11e168036b4431024c8c343ad5ce004,2378.181334,247.99375,782.197167,2027388928,2027388928,2095159232,2095159232,1311.928167,0.0,,,,,,,,,,
h1,main,1,/Users/teble/project/android/DexKit-benchmark-data/qq-9.3.55/formal/h1-p1/pair-03-h1,3,1,h1,548056cad01b01e1197572fc8d45de32152883498633f4cd2e086a85ac77c0ae,2214.815667,239.61425,651.028834,1927397376,1927397376,1968084800,1968084800,1289.343789,0.0,,,,,,,,,,
h1,main,1,/Users/teble/project/android/DexKit-benchmark-data/qq-9.3.55/formal/h1-p1/pair-04-baseline,4,0,baseline,03eddd050d473950dbfc2d1757f1f541f11e168036b4431024c8c343ad5ce004,2284.650584,242.939209,707.492417,2005450752,2005450752,2097190848,2097190848,1297.774916,0.0,,,,,,,,,,
h1,main,1,/Users/teble/project/android/DexKit-benchmark-data/qq-9.3.55/formal/h1-p1/pair-04-h1,4,1,h1,548056cad01b01e1197572fc8d45de32152883498633f4cd2e086a85ac77c0ae,2206.222791,237.635666,651.85175,1960148992,1960148992,1970312960,1970312960,1281.391751,0.0,,,,,,,,,,
h1,main,1,/Users/teble/project/android/DexKit-benchmark-data/qq-9.3.55/formal/h1-p1/pair-05-h1,5,0,h1,548056cad01b01e1197572fc8d45de32152883498633f4cd2e086a85ac77c0ae,2202.177792,240.349125,651.285542,2000519168,2000519168,1967462144,1967462144,1277.257372,0.0,,,,,,,,,,
h1,main,1,/Users/teble/project/android/DexKit-benchmark-data/qq-9.3.55/formal/h1-p1/pair-05-baseline,5,1,baseline,03eddd050d473950dbfc2d1757f1f541f11e168036b4431024c8c343ad5ce004,2328.57575,244.558958,718.542583,1995014144,1995014144,2097879040,2097879040,1330.274709,0.0,,,,,,,,,,
h1,main,1,/Users/teble/project/android/DexKit-benchmark-data/qq-9.3.55/formal/h1-p1/pair-06-baseline,6,0,baseline,03eddd050d473950dbfc2d1757f1f541f11e168036b4431024c8c343ad5ce004,2233.541583,241.159291,677.324875,2056159232,2056159232,2102368320,2102368320,1280.518126,0.0,,,,,,,,,,
h1,main,1,/Users/teble/project/android/DexKit-benchmark-data/qq-9.3.55/formal/h1-p1/pair-06-h1,6,1,h1,548056cad01b01e1197572fc8d45de32152883498633f4cd2e086a85ac77c0ae,2194.402542,241.294292,642.005542,1992654848,1992654848,1961498304,1961498304,1276.254,0.0,,,,,,,,,,
h1,main,1,/Users/teble/project/android/DexKit-benchmark-data/qq-9.3.55/formal/h1-p1/pair-07-h1,7,0,h1,548056cad01b01e1197572fc8d45de32152883498633f4cd2e086a85ac77c0ae,2227.878,245.873208,652.296042,1984118784,1984118784,1968740096,1968740096,1295.302583,0.0,,,,,,,,,,
h1,main,1,/Users/teble/project/android/DexKit-benchmark-data/qq-9.3.55/formal/h1-p1/pair-07-baseline,7,1,baseline,03eddd050d473950dbfc2d1757f1f541f11e168036b4431024c8c343ad5ce004,2451.884917,312.623917,722.237709,1651032064,1651032064,2103596992,2103596992,1381.980835,0.0,,,,,,,,,,
h1,main,1,/Users/teble/project/android/DexKit-benchmark-data/qq-9.3.55/formal/h1-p1/pair-08-h1,8,0,h1,548056cad01b01e1197572fc8d45de32152883498633f4cd2e086a85ac77c0ae,2489.729041,242.900083,716.913625,1758625792,1758625792,1982879488,1982879488,1494.235706,0.0,,,,,,,,,,
h1,main,1,/Users/teble/project/android/DexKit-benchmark-data/qq-9.3.55/formal/h1-p1/pair-08-baseline,8,1,baseline,03eddd050d473950dbfc2d1757f1f541f11e168036b4431024c8c343ad5ce004,2394.917041,244.564791,789.51525,1936785408,1936785408,2100615168,2100615168,1325.931625,0.0,,,,,,,,,,
h1,main,1,/Users/teble/project/android/DexKit-benchmark-data/qq-9.3.55/formal/h1-p1/pair-09-h1,9,0,h1,548056cad01b01e1197572fc8d45de32152883498633f4cd2e086a85ac77c0ae,2415.274833,243.889042,737.117458,1843494912,1843494912,1976014592,1976014592,1397.444373,0.0,,,,,,,,,,
h1,main,1,/Users/teble/project/android/DexKit-benchmark-data/qq-9.3.55/formal/h1-p1/pair-09-baseline,9,1,baseline,03eddd050d473950dbfc2d1757f1f541f11e168036b4431024c8c343ad5ce004,2266.537958,240.519667,701.483166,2057011200,2057011200,2099320832,2099320832,1290.383417,0.0,,,,,,,,,,
h1,main,1,/Users/teble/project/android/DexKit-benchmark-data/qq-9.3.55/formal/h1-p1/pair-10-h1,10,0,h1,548056cad01b01e1197572fc8d45de32152883498633f4cd2e086a85ac77c0ae,2205.468708,243.103042,655.631958,1995636736,1995636736,1967855424,1967855424,1273.600375,0.0,,,,,,,,,,
h1,main,1,/Users/teble/project/android/DexKit-benchmark-data/qq-9.3.55/formal/h1-p1/pair-10-baseline,10,1,baseline,03eddd050d473950dbfc2d1757f1f541f11e168036b4431024c8c343ad5ce004,2273.349458,241.808583,702.339208,1958264832,1958264832,2102712320,2102712320,1293.920372,0.0,,,,,,,,,,
h1,main,1,/Users/teble/project/android/DexKit-benchmark-data/qq-9.3.55/formal/h1-p1/pair-11-baseline,11,0,baseline,03eddd050d473950dbfc2d1757f1f541f11e168036b4431024c8c343ad5ce004,2348.891,253.01625,752.319083,1898528768,1898528768,2101073920,2101073920,1307.592915,0.0,,,,,,,,,,
h1,main,1,/Users/teble/project/android/DexKit-benchmark-data/qq-9.3.55/formal/h1-p1/pair-11-h1,11,1,h1,548056cad01b01e1197572fc8d45de32152883498633f4cd2e086a85ac77c0ae,2232.582916,236.121125,664.363416,1995227136,1995227136,1971967680,1971967680,1297.059001,0.0,,,,,,,,,,
h1,main,11,/Users/teble/project/android/DexKit-benchmark-data/qq-9.3.55/formal/h1-p11/pair-00-baseline,0,0,baseline,03eddd050d473950dbfc2d1757f1f541f11e168036b4431024c8c343ad5ce004,8032.638167,241.444917,710.509125,1680523264,1680523264,2111903808,2111903808,1542.013708,5484.421112,554.447041,544.250039,538.215248,550.305377,545.050415,556.549832,551.582124,545.754248,557.696957,540.569831
h1,main,11,/Users/teble/project/android/DexKit-benchmark-data/qq-9.3.55/formal/h1-p11/pair-00-h1,0,1,h1,548056cad01b01e1197572fc8d45de32152883498633f4cd2e086a85ac77c0ae,7762.820625,234.830292,710.881333,1953071104,1953071104,1993594752,1993594752,1332.939579,5442.891075,559.477291,549.0645,540.197123,557.536665,541.983291,537.868583,535.820623,541.522917,537.004584,542.415498
h1,main,11,/Users/teble/project/android/DexKit-benchmark-data/qq-9.3.55/formal/h1-p11/pair-01-baseline,1,0,baseline,03eddd050d473950dbfc2d1757f1f541f11e168036b4431024c8c343ad5ce004,8034.430125,245.050458,799.141584,1732722688,1732722688,2118211520,2118211520,1415.877333,5528.855336,565.971376,554.124082,542.630168,572.109459,549.063708,561.344127,544.611333,547.908251,550.815875,540.276957
h1,main,11,/Users/teble/project/android/DexKit-benchmark-data/qq-9.3.55/formal/h1-p11/pair-01-h1,1,1,h1,548056cad01b01e1197572fc8d45de32152883498633f4cd2e086a85ac77c0ae,7998.652416,242.598583,714.695583,1743290368,1743290368,1988777728,1988777728,1531.949582,5460.816006,545.335084,551.181293,545.480585,548.724958,542.681835,543.19046,548.44721,542.454083,538.289457,555.031041
h1,main,11,/Users/teble/project/android/DexKit-benchmark-data/qq-9.3.55/formal/h1-p11/pair-02-h1,2,0,h1,548056cad01b01e1197572fc8d45de32152883498633f4cd2e086a85ac77c0ae,7745.657417,238.015458,708.225542,1821474816,1821474816,1995970368,1995970368,1339.87404,5415.188208,547.180458,541.522253,538.373292,556.340127,542.271332,536.738958,537.65254,541.793209,536.95054,536.365499
h1,main,11,/Users/teble/project/android/DexKit-benchmark-data/qq-9.3.55/formal/h1-p11/pair-02-baseline,2,1,baseline,03eddd050d473950dbfc2d1757f1f541f11e168036b4431024c8c343ad5ce004,7898.140458,252.45675,794.130541,2091040768,2091040768,2114443328,2114443328,1332.578583,5477.736209,545.467544,558.340752,547.952165,559.928961,554.713083,549.885208,542.846498,538.160705,539.354126,541.087167
h1,main,11,/Users/teble/project/android/DexKit-benchmark-data/qq-9.3.55/formal/h1-p11/pair-03-baseline,3,0,baseline,03eddd050d473950dbfc2d1757f1f541f11e168036b4431024c8c343ad5ce004,8053.33625,242.141584,870.854375,2013560832,2013560832,2112575488,2112575488,1309.629042,5588.395824,550.005916,551.379953,557.574208,552.084998,539.638082,535.935544,542.377334,592.636498,623.295085,543.468206
h1,main,11,/Users/teble/project/android/DexKit-benchmark-data/qq-9.3.55/formal/h1-p11/pair-03-h1,3,1,h1,548056cad01b01e1197572fc8d45de32152883498633f4cd2e086a85ac77c0ae,7961.542709,245.247417,780.00575,1998389248,1998389248,1988826944,1988826944,1304.515916,5591.525371,550.817458,549.780585,546.560665,560.753626,636.061749,556.733835,546.852207,549.168913,546.501292,548.295041
h1,main,11,/Users/teble/project/android/DexKit-benchmark-data/qq-9.3.55/formal/h1-p11/pair-04-baseline,4,0,baseline,03eddd050d473950dbfc2d1757f1f541f11e168036b4431024c8c343ad5ce004,7834.67625,243.266667,765.177208,2011889664,2011889664,2115213376,2115213376,1348.140668,5436.150291,547.334873,539.336127,539.593457,556.504001,542.548377,549.4215,539.947247,538.165376,542.982832,540.316501
h1,main,11,/Users/teble/project/android/DexKit-benchmark-data/qq-9.3.55/formal/h1-p11/pair-04-h1,4,1,h1,548056cad01b01e1197572fc8d45de32152883498633f4cd2e086a85ac77c0ae,8087.467083,240.922625,711.96275,1811939328,1811939328,1989089024,1989089024,1449.086585,5638.484963,551.479001,544.302836,546.5505,559.521458,554.400958,558.608501,550.435207,579.538625,647.543584,546.104293
h1,main,11,/Users/teble/project/android/DexKit-benchmark-data/qq-9.3.55/formal/h1-p11/pair-05-h1,5,0,h1,548056cad01b01e1197572fc8d45de32152883498633f4cd2e086a85ac77c0ae,7841.638042,236.651,676.549959,1670119424,1670119424,1989531520,1989531520,1401.79229,5478.612289,561.735914,551.318501,542.932167,548.22625,547.318627,538.478294,546.118958,548.949747,557.666708,535.867123
h1,main,11,/Users/teble/project/android/DexKit-benchmark-data/qq-9.3.55/formal/h1-p11/pair-05-baseline,5,1,baseline,03eddd050d473950dbfc2d1757f1f541f11e168036b4431024c8c343ad5ce004,7813.499125,245.262459,744.050333,1967390720,1967390720,2123175936,2123175936,1308.878044,5471.129117,550.11025,539.285457,542.382832,555.12529,545.439167,539.019746,541.506831,537.738377,541.253833,579.267334
h1,main,11,/Users/teble/project/android/DexKit-benchmark-data/qq-9.3.55/formal/h1-p11/pair-06-baseline,6,0,baseline,03eddd050d473950dbfc2d1757f1f541f11e168036b4431024c8c343ad5ce004,7850.473459,242.810167,754.517584,1896480768,1896480768,2115704832,2115704832,1324.929167,5486.889426,543.620252,541.095623,539.603081,556.840211,543.099876,551.125001,547.057167,537.99392,591.146919,535.307376
h1,main,11,/Users/teble/project/android/DexKit-benchmark-data/qq-9.3.55/formal/h1-p11/pair-06-h1,6,1,h1,548056cad01b01e1197572fc8d45de32152883498633f4cd2e086a85ac77c0ae,7854.435125,235.828625,692.516209,1910063104,1910063104,1996035904,1996035904,1293.968043,5588.192675,563.789876,628.795542,562.583919,579.573958,547.124751,538.270751,536.527711,538.531501,540.367498,552.627168
h1,main,11,/Users/teble/project/android/DexKit-benchmark-data/qq-9.3.55/formal/h1-p11/pair-07-h1,7,0,h1,548056cad01b01e1197572fc8d45de32152883498633f4cd2e086a85ac77c0ae,7679.276125,277.086708,647.659959,2020704256,2020704256,1982830336,1982830336,1290.778416,5420.974041,548.088,539.64196,540.582041,553.40592,542.264916,536.495499,542.099121,536.350666,539.411835,542.634083
h1,main,11,/Users/teble/project/android/DexKit-benchmark-data/qq-9.3.55/formal/h1-p11/pair-07-baseline,7,1,baseline,03eddd050d473950dbfc2d1757f1f541f11e168036b4431024c8c343ad5ce004,7775.69925,252.384916,747.272042,2080243712,2080243712,2114050112,2114050112,1279.018835,5453.971744,546.207501,542.328416,542.275498,562.899124,543.400578,547.584541,541.50054,541.094709,543.926043,542.754794
h1,main,11,/Users/teble/project/android/DexKit-benchmark-data/qq-9.3.55/formal/h1-p11/pair-08-h1,8,0,h1,548056cad01b01e1197572fc8d45de32152883498633f4cd2e086a85ac77c0ae,7987.701625,239.465084,764.8635,1878884352,1878884352,1995413376,1995413376,1300.950128,5639.054291,550.157667,557.969961,669.108122,566.695626,546.911,544.071375,543.926416,549.249875,564.763207,546.201042
h1,main,11,/Users/teble/project/android/DexKit-benchmark-data/qq-9.3.55/formal/h1-p11/pair-08-baseline,8,1,baseline,03eddd050d473950dbfc2d1757f1f541f11e168036b4431024c8c343ad5ce004,7925.836667,241.180125,741.997583,1910882304,1910882304,2118031360,2118031360,1318.446501,5580.758743,558.858748,546.060956,555.43504,569.135208,543.464837,535.552876,543.969124,539.661663,618.507915,570.112376
h1,main,11,/Users/teble/project/android/DexKit-benchmark-data/qq-9.3.55/formal/h1-p11/pair-09-h1,9,0,h1,548056cad01b01e1197572fc8d45de32152883498633f4cd2e086a85ac77c0ae,7781.183375,241.863084,702.819125,2008760320,2008760320,1994446656,1994446656,1292.834249,5502.273206,549.334375,541.740497,542.883959,560.669792,546.12775,573.829958,542.277915,547.271416,552.499626,545.637918
h1,main,11,/Users/teble/project/android/DexKit-benchmark-data/qq-9.3.55/formal/h1-p11/pair-09-baseline,9,1,baseline,03eddd050d473950dbfc2d1757f1f541f11e168036b4431024c8c343ad5ce004,7958.976708,302.847625,716.016083,1848803328,1848803328,2119161984,2119161984,1381.501753,5514.477593,553.813126,543.059792,545.46196,558.451834,545.779167,547.638042,566.614458,560.791961,546.2295,546.637753
h1,main,11,/Users/teble/project/android/DexKit-benchmark-data/qq-9.3.55/formal/h1-p11/pair-10-h1,10,0,h1,548056cad01b01e1197572fc8d45de32152883498633f4cd2e086a85ac77c0ae,7807.386958,236.916,756.736166,1962393600,1962393600,1987106688,1987106688,1311.908042,5460.936869,547.579207,541.654002,542.017334,559.862374,564.373875,543.202373,542.596335,541.215747,539.44158,538.994042
h1,main,11,/Users/teble/project/android/DexKit-benchmark-data/qq-9.3.55/formal/h1-p11/pair-10-baseline,10,1,baseline,03eddd050d473950dbfc2d1757f1f541f11e168036b4431024c8c343ad5ce004,7790.85225,243.584709,749.0555,2039169024,2039169024,2114377728,2114377728,1301.057416,5454.569501,548.892332,537.299377,550.072124,561.710749,545.562334,542.888373,544.140503,536.299834,540.826,546.877875
h1,main,11,/Users/teble/project/android/DexKit-benchmark-data/qq-9.3.55/formal/h1-p11/pair-11-baseline,11,0,baseline,03eddd050d473950dbfc2d1757f1f541f11e168036b4431024c8c343ad5ce004,7926.325167,241.698417,737.852334,1906507776,1906507776,2119849984,2119849984,1415.566249,5489.933956,574.765041,542.014083,546.179083,554.994166,545.988373,541.142624,545.725668,544.775792,549.569542,544.779584
h1,main,11,/Users/teble/project/android/DexKit-benchmark-data/qq-9.3.55/formal/h1-p11/pair-11-h1,11,1,h1,548056cad01b01e1197572fc8d45de32152883498633f4cd2e086a85ac77c0ae,7897.120958,239.261083,683.512791,1632894976,1632894976,1993955072,1993955072,1504.012581,5426.757961,565.574123,540.055874,540.505167,562.284544,542.058835,535.096375,537.385042,534.109461,540.502705,529.185835
h1,confirmation,1,/Users/teble/project/android/DexKit-benchmark-data/qq-9.3.55/formal/h1-confirm-v3-p1/pair-00-h1,0,0,h1,548056cad01b01e1197572fc8d45de32152883498633f4cd2e086a85ac77c0ae,2252.892041,244.093916,666.713875,1729593344,1729593344,1979012992,1979012992,1308.200751,0.0,,,,,,,,,,
h1,confirmation,1,/Users/teble/project/android/DexKit-benchmark-data/qq-9.3.55/formal/h1-confirm-v3-p1/pair-00-baseline,0,1,baseline,03eddd050d473950dbfc2d1757f1f541f11e168036b4431024c8c343ad5ce004,2258.338792,238.757875,687.896917,2039382016,2039382016,2096093248,2096093248,1298.608252,0.0,,,,,,,,,,
h1,confirmation,1,/Users/teble/project/android/DexKit-benchmark-data/qq-9.3.55/formal/h1-confirm-v3-p1/pair-01-baseline,1,0,baseline,03eddd050d473950dbfc2d1757f1f541f11e168036b4431024c8c343ad5ce004,2205.58,239.256125,676.403417,2006548480,2006548480,2099107904,2099107904,1257.603292,0.0,,,,,,,,,,
h1,confirmation,1,/Users/teble/project/android/DexKit-benchmark-data/qq-9.3.55/formal/h1-confirm-v3-p1/pair-01-h1,1,1,h1,548056cad01b01e1197572fc8d45de32152883498633f4cd2e086a85ac77c0ae,2209.624542,234.04775,683.876792,2003369984,2003369984,1973950272,1973950272,1258.655625,0.0,,,,,,,,,,
h1,confirmation,1,/Users/teble/project/android/DexKit-benchmark-data/qq-9.3.55/formal/h1-confirm-v3-p1/pair-02-baseline,2,0,baseline,03eddd050d473950dbfc2d1757f1f541f11e168036b4431024c8c343ad5ce004,2263.683333,232.045458,717.769333,1913520128,1913520128,2094962688,2094962688,1280.176585,0.0,,,,,,,,,,
h1,confirmation,1,/Users/teble/project/android/DexKit-benchmark-data/qq-9.3.55/formal/h1-confirm-v3-p1/pair-02-h1,2,1,h1,548056cad01b01e1197572fc8d45de32152883498633f4cd2e086a85ac77c0ae,2181.713708,237.752875,642.920542,1965785088,1965785088,1976424256,1976424256,1267.704916,0.0,,,,,,,,,,
h1,confirmation,1,/Users/teble/project/android/DexKit-benchmark-data/qq-9.3.55/formal/h1-confirm-v3-p1/pair-03-baseline,3,0,baseline,03eddd050d473950dbfc2d1757f1f541f11e168036b4431024c8c343ad5ce004,2285.704084,245.953709,733.467834,1922203648,1922203648,2105874496,2105874496,1272.746748,0.0,,,,,,,,,,
h1,confirmation,1,/Users/teble/project/android/DexKit-benchmark-data/qq-9.3.55/formal/h1-confirm-v3-p1/pair-03-h1,3,1,h1,548056cad01b01e1197572fc8d45de32152883498633f4cd2e086a85ac77c0ae,2167.960041,231.450583,633.586583,1987723264,1987723264,1975654272,1975654272,1269.484583,0.0,,,,,,,,,,
h1,confirmation,1,/Users/teble/project/android/DexKit-benchmark-data/qq-9.3.55/formal/h1-confirm-v3-p1/pair-04-h1,4,0,h1,548056cad01b01e1197572fc8d45de32152883498633f4cd2e086a85ac77c0ae,2141.507292,237.012,631.104709,2008416256,2008416256,1973262144,1973262144,1240.798706,0.0,,,,,,,,,,
h1,confirmation,1,/Users/teble/project/android/DexKit-benchmark-data/qq-9.3.55/formal/h1-confirm-v3-p1/pair-04-baseline,4,1,baseline,03eddd050d473950dbfc2d1757f1f541f11e168036b4431024c8c343ad5ce004,2175.509667,238.447,652.542875,2041118720,2041118720,2097371136,2097371136,1250.82621,0.0,,,,,,,,,,
h1,confirmation,1,/Users/teble/project/android/DexKit-benchmark-data/qq-9.3.55/formal/h1-confirm-v3-p1/pair-05-h1,5,0,h1,548056cad01b01e1197572fc8d45de32152883498633f4cd2e086a85ac77c0ae,2171.546167,235.808959,657.833833,2008055808,2008055808,1974900480,1974900480,1244.784498,0.0,,,,,,,,,,
h1,confirmation,1,/Users/teble/project/android/DexKit-benchmark-data/qq-9.3.55/formal/h1-confirm-v3-p1/pair-05-baseline,5,1,baseline,03eddd050d473950dbfc2d1757f1f541f11e168036b4431024c8c343ad5ce004,2205.879333,239.011416,671.443708,2021441536,2021441536,2102548544,2102548544,1261.327751,0.0,,,,,,,,,,
h1,confirmation,11,/Users/teble/project/android/DexKit-benchmark-data/qq-9.3.55/formal/h1-confirm-v3-p11/pair-00-h1,0,0,h1,548056cad01b01e1197572fc8d45de32152883498633f4cd2e086a85ac77c0ae,7471.450042,232.453917,624.723125,2009415680,2009415680,1985714048,1985714048,1244.625542,5328.607797,539.19446,526.514125,526.446709,565.415792,533.723752,530.817124,524.032874,528.946042,525.42196,528.094959
h1,confirmation,11,/Users/teble/project/android/DexKit-benchmark-data/qq-9.3.55/formal/h1-confirm-v3-p11/pair-00-baseline,0,1,baseline,03eddd050d473950dbfc2d1757f1f541f11e168036b4431024c8c343ad5ce004,7781.023959,241.485542,730.236334,2027618304,2027618304,2124240960,2124240960,1392.213787,5377.204792,544.248333,528.277046,529.252291,557.365832,555.402709,529.38,535.038125,539.447624,533.057709,525.735123
h1,confirmation,11,/Users/teble/project/android/DexKit-benchmark-data/qq-9.3.55/formal/h1-confirm-v3-p11/pair-01-baseline,1,0,baseline,03eddd050d473950dbfc2d1757f1f541f11e168036b4431024c8c343ad5ce004,7676.385584,245.39325,750.957667,1938063360,1938063360,2112379008,2112379008,1286.506292,5354.675918,551.379586,531.341334,529.221002,536.13429,536.117918,527.957459,529.294292,529.75354,556.477666,526.998831
h1,confirmation,11,/Users/teble/project/android/DexKit-benchmark-data/qq-9.3.55/formal/h1-confirm-v3-p11/pair-01-h1,1,1,h1,548056cad01b01e1197572fc8d45de32152883498633f4cd2e086a85ac77c0ae,7495.968667,231.222542,622.4015,2012364800,2012364800,1980651328,1980651328,1277.505,5324.391031,532.858875,529.169544,527.391623,535.20304,538.305914,527.222541,542.371248,531.515249,531.605162,528.747835
h1,confirmation,11,/Users/teble/project/android/DexKit-benchmark-data/qq-9.3.55/formal/h1-confirm-v3-p11/pair-02-baseline,2,0,baseline,03eddd050d473950dbfc2d1757f1f541f11e168036b4431024c8c343ad5ce004,7964.086667,237.780542,1054.790625,2058190848,2058190848,2109233216,2109233216,1270.521752,5362.361578,536.877333,535.459624,531.8945,551.67275,537.721374,543.286918,530.350913,533.483252,532.120081,529.494833
h1,confirmation,11,/Users/teble/project/android/DexKit-benchmark-data/qq-9.3.55/formal/h1-confirm-v3-p11/pair-02-h1,2,1,h1,548056cad01b01e1197572fc8d45de32152883498633f4cd2e086a85ac77c0ae,7512.594792,239.921834,651.457292,2018820096,2018820096,1979062080,1979062080,1278.198541,5302.734873,536.010457,533.723164,529.954708,540.279043,532.689875,524.939456,528.086374,527.391252,524.440085,525.220459
h1,confirmation,11,/Users/teble/project/android/DexKit-benchmark-data/qq-9.3.55/formal/h1-confirm-v3-p11/pair-03-baseline,3,0,baseline,03eddd050d473950dbfc2d1757f1f541f11e168036b4431024c8c343ad5ce004,7610.739708,237.9235,796.793458,2122268672,2122268672,2115688448,2115688448,1251.186629,5286.580669,535.135039,526.361543,526.540374,540.866334,524.676252,531.044378,522.940209,523.521457,528.638207,526.856876
h1,confirmation,11,/Users/teble/project/android/DexKit-benchmark-data/qq-9.3.55/formal/h1-confirm-v3-p11/pair-03-h1,3,1,h1,548056cad01b01e1197572fc8d45de32152883498633f4cd2e086a85ac77c0ae,7572.343458,239.352583,684.870167,2021572608,2021572608,1989400448,1989400448,1258.407711,5348.732333,536.43054,540.440417,533.986085,546.473125,533.622167,542.061751,528.962166,526.446124,530.516751,529.793207
h1,confirmation,11,/Users/teble/project/android/DexKit-benchmark-data/qq-9.3.55/formal/h1-confirm-v3-p11/pair-04-h1,4,0,h1,548056cad01b01e1197572fc8d45de32152883498633f4cd2e086a85ac77c0ae,7637.445584,239.709917,642.329917,1572962304,1572962304,1985763200,1985763200,1381.710581,5334.740289,535.980581,532.180708,532.653289,549.463667,544.822458,526.968962,531.303375,528.536,525.595413,527.235836
h1,confirmation,11,/Users/teble/project/android/DexKit-benchmark-data/qq-9.3.55/formal/h1-confirm-v3-p11/pair-04-baseline,4,1,baseline,03eddd050d473950dbfc2d1757f1f541f11e168036b4431024c8c343ad5ce004,7653.013792,239.029709,742.482625,1990606848,1990606848,2115983424,2115983424,1281.602748,5351.181546,534.240919,534.194622,529.999292,549.238209,534.654754,549.60271,529.837126,528.274581,530.831378,530.307955
h1,confirmation,11,/Users/teble/project/android/DexKit-benchmark-data/qq-9.3.55/formal/h1-confirm-v3-p11/pair-05-h1,5,0,h1,548056cad01b01e1197572fc8d45de32152883498633f4cd2e086a85ac77c0ae,7493.799416,234.86775,631.589958,2016739328,2016739328,1980503872,1980503872,1249.52529,5337.819873,531.356457,530.465248,532.998002,550.749665,538.352624,525.686001,526.846252,533.037499,533.49775,534.830375
h1,confirmation,11,/Users/teble/project/android/DexKit-benchmark-data/qq-9.3.55/formal/h1-confirm-v3-p11/pair-05-baseline,5,1,baseline,03eddd050d473950dbfc2d1757f1f541f11e168036b4431024c8c343ad5ce004,7734.688042,241.9775,720.121625,2019491840,2019491840,2120063040,2120063040,1260.369331,5473.181378,544.734835,549.787251,544.168543,548.072125,533.446831,526.773253,528.988626,633.392209,531.569081,532.248624
h2,main,1,/Users/teble/project/android/DexKit-benchmark-data/qq-9.3.55/formal/h2-p1/pair-00-baseline,0,0,baseline,03eddd050d473950dbfc2d1757f1f541f11e168036b4431024c8c343ad5ce004,2337.687417,235.568667,685.62975,2115092480,2115092480,2096715712,2096715712,1381.972751,0.0,,,,,,,,,,
h2,main,1,/Users/teble/project/android/DexKit-benchmark-data/qq-9.3.55/formal/h2-p1/pair-00-h2,0,1,h2,00426f9ca0be310cda4fe46204a046f5cb2d6bff94a329b365be6b003ceaf883,2126.474875,239.026292,618.98075,2090516480,2090516480,2058901440,2058901440,1235.528832,0.0,,,,,,,,,,
h2,main,1,/Users/teble/project/android/DexKit-benchmark-data/qq-9.3.55/formal/h2-p1/pair-01-baseline,1,0,baseline,03eddd050d473950dbfc2d1757f1f541f11e168036b4431024c8c343ad5ce004,2181.799458,238.060666,657.253542,2063925248,2063925248,2096650304,2096650304,1251.643622,0.0,,,,,,,,,,
h2,main,1,/Users/teble/project/android/DexKit-benchmark-data/qq-9.3.55/formal/h2-p1/pair-01-h2,1,1,h2,00426f9ca0be310cda4fe46204a046f5cb2d6bff94a329b365be6b003ceaf883,2127.174333,251.839542,608.650791,2068987904,2068987904,2060392384,2060392384,1232.520249,0.0,,,,,,,,,,
h2,main,1,/Users/teble/project/android/DexKit-benchmark-data/qq-9.3.55/formal/h2-p1/pair-02-h2,2,0,h2,00426f9ca0be310cda4fe46204a046f5cb2d6bff94a329b365be6b003ceaf883,2127.379041,234.833583,621.688625,2061664256,2061664256,2067273664,2067273664,1237.806875,0.0,,,,,,,,,,
h2,main,1,/Users/teble/project/android/DexKit-benchmark-data/qq-9.3.55/formal/h2-p1/pair-02-baseline,2,1,baseline,03eddd050d473950dbfc2d1757f1f541f11e168036b4431024c8c343ad5ce004,2170.291417,233.713833,647.620584,2118500352,2118500352,2096584576,2096584576,1255.267671,0.0,,,,,,,,,,
h2,main,1,/Users/teble/project/android/DexKit-benchmark-data/qq-9.3.55/formal/h2-p1/pair-03-baseline,3,0,baseline,03eddd050d473950dbfc2d1757f1f541f11e168036b4431024c8c343ad5ce004,2233.482,244.019958,694.195375,2077278208,2077278208,2098386816,2098386816,1261.259292,0.0,,,,,,,,,,
h2,main,1,/Users/teble/project/android/DexKit-benchmark-data/qq-9.3.55/formal/h2-p1/pair-03-h2,3,1,h2,00426f9ca0be310cda4fe46204a046f5cb2d6bff94a329b365be6b003ceaf883,2135.554625,239.582625,625.065584,2023489536,2023489536,2068453312,2068453312,1237.36625,0.0,,,,,,,,,,
h2,main,1,/Users/teble/project/android/DexKit-benchmark-data/qq-9.3.55/formal/h2-p1/pair-04-baseline,4,0,baseline,03eddd050d473950dbfc2d1757f1f541f11e168036b4431024c8c343ad5ce004,2224.342208,247.737458,689.189083,2040922112,2040922112,2095585216,2095585216,1252.941584,0.0,,,,,,,,,,
h2,main,1,/Users/teble/project/android/DexKit-benchmark-data/qq-9.3.55/formal/h2-p1/pair-04-h2,4,1,h2,00426f9ca0be310cda4fe46204a046f5cb2d6bff94a329b365be6b003ceaf883,2290.379125,231.600167,670.899875,1682243584,1682243584,2070288384,2070288384,1352.574251,0.0,,,,,,,,,,
h2,main,1,/Users/teble/project/android/DexKit-benchmark-data/qq-9.3.55/formal/h2-p1/pair-05-h2,5,0,h2,00426f9ca0be310cda4fe46204a046f5cb2d6bff94a329b365be6b003ceaf883,2304.724375,246.948584,675.947125,1755791360,1755791360,2062555008,2062555008,1347.448587,0.0,,,,,,,,,,
h2,main,1,/Users/teble/project/android/DexKit-benchmark-data/qq-9.3.55/formal/h2-p1/pair-05-baseline,5,1,baseline,03eddd050d473950dbfc2d1757f1f541f11e168036b4431024c8c343ad5ce004,2251.841875,233.701542,691.801083,2051817472,2051817472,2101827648,2101827648,1292.767041,0.0,,,,,,,,,,
h2,main,1,/Users/teble/project/android/DexKit-benchmark-data/qq-9.3.55/formal/h2-p1/pair-06-baseline,6,0,baseline,03eddd050d473950dbfc2d1757f1f541f11e168036b4431024c8c343ad5ce004,2219.288875,239.969125,683.187833,2058797056,2058797056,2105251776,2105251776,1261.180668,0.0,,,,,,,,,,
h2,main,1,/Users/teble/project/android/DexKit-benchmark-data/qq-9.3.55/formal/h2-p1/pair-06-h2,6,1,h2,00426f9ca0be310cda4fe46204a046f5cb2d6bff94a329b365be6b003ceaf883,2170.465875,251.459833,614.795,1946370048,1946370048,2061293568,2061293568,1269.829124,0.0,,,,,,,,,,
h2,main,1,/Users/teble/project/android/DexKit-benchmark-data/qq-9.3.55/formal/h2-p1/pair-07-h2,7,0,h2,00426f9ca0be310cda4fe46204a046f5cb2d6bff94a329b365be6b003ceaf883,2139.579125,238.185584,633.0805,2037792768,2037792768,2064963392,2064963392,1234.204292,0.0,,,,,,,,,,
h2,main,1,/Users/teble/project/android/DexKit-benchmark-data/qq-9.3.55/formal/h2-p1/pair-07-baseline,7,1,baseline,03eddd050d473950dbfc2d1757f1f541f11e168036b4431024c8c343ad5ce004,2180.106,236.176417,657.151542,2045902848,2045902848,2096109440,2096109440,1252.237585,0.0,,,,,,,,,,
h2,main,1,/Users/teble/project/android/DexKit-benchmark-data/qq-9.3.55/formal/h2-p1/pair-08-h2,8,0,h2,00426f9ca0be310cda4fe46204a046f5cb2d6bff94a329b365be6b003ceaf883,2137.818958,244.323125,623.25775,2012102656,2012102656,2058868672,2058868672,1237.222833,0.0,,,,,,,,,,
h2,main,1,/Users/teble/project/android/DexKit-benchmark-data/qq-9.3.55/formal/h2-p1/pair-08-baseline,8,1,baseline,03eddd050d473950dbfc2d1757f1f541f11e168036b4431024c8c343ad5ce004,2215.582625,240.306584,668.48225,2055684096,2055684096,2100566080,2100566080,1273.138708,0.0,,,,,,,,,,
h2,main,1,/Users/teble/project/android/DexKit-benchmark-data/qq-9.3.55/formal/h2-p1/pair-09-h2,9,0,h2,00426f9ca0be310cda4fe46204a046f5cb2d6bff94a329b365be6b003ceaf883,2295.648792,243.336875,663.839125,1909719040,1909719040,2067650496,2067650496,1352.942377,0.0,,,,,,,,,,
h2,main,1,/Users/teble/project/android/DexKit-benchmark-data/qq-9.3.55/formal/h2-p1/pair-09-baseline,9,1,baseline,03eddd050d473950dbfc2d1757f1f541f11e168036b4431024c8c343ad5ce004,2167.878834,239.169834,654.775042,2131640320,2131640320,2100516800,2100516800,1241.179916,0.0,,,,,,,,,,
h2,main,1,/Users/teble/project/android/DexKit-benchmark-data/qq-9.3.55/formal/h2-p1/pair-10-h2,10,0,h2,00426f9ca0be310cda4fe46204a046f5cb2d6bff94a329b365be6b003ceaf883,2117.619333,240.476,617.2385,2095005696,2095005696,2060425152,2060425152,1226.118045,0.0,,,,,,,,,,
h2,main,1,/Users/teble/project/android/DexKit-benchmark-data/qq-9.3.55/formal/h2-p1/pair-10-baseline,10,1,baseline,03eddd050d473950dbfc2d1757f1f541f11e168036b4431024c8c343ad5ce004,2195.473125,265.069416,643.944167,2074214400,2074214400,2099910784,2099910784,1252.888336,0.0,,,,,,,,,,
h2,main,1,/Users/teble/project/android/DexKit-benchmark-data/qq-9.3.55/formal/h2-p1/pair-11-baseline,11,0,baseline,03eddd050d473950dbfc2d1757f1f541f11e168036b4431024c8c343ad5ce004,2232.457083,245.127542,670.715,2005745664,2005745664,2100549632,2100549632,1283.732253,0.0,,,,,,,,,,
h2,main,1,/Users/teble/project/android/DexKit-benchmark-data/qq-9.3.55/formal/h2-p1/pair-11-h2,11,1,h2,00426f9ca0be310cda4fe46204a046f5cb2d6bff94a329b365be6b003ceaf883,2121.214541,232.974416,622.812791,2083553280,2083553280,2058819456,2058819456,1231.827749,0.0,,,,,,,,,,
h2,main,11,/Users/teble/project/android/DexKit-benchmark-data/qq-9.3.55/formal/h2-p11/pair-00-baseline,0,0,baseline,03eddd050d473950dbfc2d1757f1f541f11e168036b4431024c8c343ad5ce004,7563.432625,236.634708,690.3685,2005303296,2005303296,2109904960,2109904960,1265.220581,5330.705341,533.375,531.073,534.723877,546.621628,531.549127,531.095166,531.429081,529.193834,533.186835,528.457793
h2,main,11,/Users/teble/project/android/DexKit-benchmark-data/qq-9.3.55/formal/h2-p11/pair-00-h2,0,1,h2,00426f9ca0be310cda4fe46204a046f5cb2d6bff94a329b365be6b003ceaf883,7638.33375,239.936,669.510375,1648984064,1648984064,2082625536,2082625536,1305.224791,5381.610952,569.809665,535.301832,532.310207,558.023582,539.598832,536.052542,531.683876,527.379961,526.902999,524.547456
h2,main,11,/Users/teble/project/android/DexKit-benchmark-data/qq-9.3.55/formal/h2-p11/pair-01-baseline,1,0,baseline,03eddd050d473950dbfc2d1757f1f541f11e168036b4431024c8c343ad5ce004,7613.491333,239.7425,718.363042,2045984768,2045984768,2121029632,2121029632,1289.509002,5324.667333,535.63875,527.917459,527.734206,545.065831,528.397752,534.48171,532.82054,529.530795,529.165665,533.914625
h2,main,11,/Users/teble/project/android/DexKit-benchmark-data/qq-9.3.55/formal/h2-p11/pair-01-h2,1,1,h2,00426f9ca0be310cda4fe46204a046f5cb2d6bff94a329b365be6b003ceaf883,7682.897292,240.202167,731.892292,2029928448,2029928448,2078857088,2078857088,1314.747292,5354.968707,534.29154,528.271461,528.843666,547.889331,537.908788,547.976127,531.076168,535.221541,535.771543,527.718542
h2,main,11,/Users/teble/project/android/DexKit-benchmark-data/qq-9.3.55/formal/h2-p11/pair-02-h2,2,0,h2,00426f9ca0be310cda4fe46204a046f5cb2d6bff94a329b365be6b003ceaf883,7604.302083,240.123042,653.342,2099101696,2099101696,2072860608,2072860608,1240.534458,5429.812258,534.143208,544.712455,530.527878,545.054168,531.322376,530.445128,564.857624,595.295294,528.882249,524.571878
h2,main,11,/Users/teble/project/android/DexKit-benchmark-data/qq-9.3.55/formal/h2-p11/pair-02-baseline,2,1,baseline,03eddd050d473950dbfc2d1757f1f541f11e168036b4431024c8c343ad5ce004,7635.4515,239.003834,706.952208,2133442560,2133442560,2113919040,2113919040,1253.925751,5394.896744,533.702499,531.534125,532.526541,548.219792,554.170457,533.912294,535.686206,542.356955,532.02225,550.765625
h2,main,11,/Users/teble/project/android/DexKit-benchmark-data/qq-9.3.55/formal/h2-p11/pair-03-baseline,3,0,baseline,03eddd050d473950dbfc2d1757f1f541f11e168036b4431024c8c343ad5ce004,7694.260667,245.253292,778.566458,2058665984,2058665984,2106775616,2106775616,1254.993459,5375.363047,538.813793,535.796832,550.385546,537.618457,544.4875,539.885001,531.95925,532.728209,531.025334,532.663125
h2,main,11,/Users/teble/project/android/DexKit-benchmark-data/qq-9.3.55/formal/h2-p11/pair-03-h2,3,1,h2,00426f9ca0be310cda4fe46204a046f5cb2d6bff94a329b365be6b003ceaf883,7764.094958,232.832333,824.584625,2108178432,2108178432,2076317632,2076317632,1234.180251,5432.316536,539.481335,532.79746,534.412083,547.263958,531.892166,528.462664,527.280418,530.645621,545.394375,614.686456
h2,main,11,/Users/teble/project/android/DexKit-benchmark-data/qq-9.3.55/formal/h2-p11/pair-04-baseline,4,0,baseline,03eddd050d473950dbfc2d1757f1f541f11e168036b4431024c8c343ad5ce004,7903.6725,245.714292,761.199833,1806942208,1806942208,2118080448,2118080448,1413.323332,5440.954593,544.59025,551.75671,544.676918,550.731586,539.345627,533.242625,530.832835,534.770249,537.828416,573.179377
h2,main,11,/Users/teble/project/android/DexKit-benchmark-data/qq-9.3.55/formal/h2-p11/pair-04-h2,4,1,h2,00426f9ca0be310cda4fe46204a046f5cb2d6bff94a329b365be6b003ceaf883,7608.969333,234.298333,735.26175,2046459904,2046459904,2067224704,2067224704,1252.874167,5346.471962,538.29854,537.688038,533.075876,536.092541,537.021378,540.404711,530.264585,532.937209,529.435791,531.253293
h2,main,11,/Users/teble/project/android/DexKit-benchmark-data/qq-9.3.55/formal/h2-p11/pair-05-h2,5,0,h2,00426f9ca0be310cda4fe46204a046f5cb2d6bff94a329b365be6b003ceaf883,7525.607625,232.330292,638.765375,2101968896,2101968896,2077038592,2077038592,1236.917502,5377.731843,538.779418,533.736125,531.791543,547.092083,537.330458,536.225002,534.476919,537.546586,540.894168,539.859541
h2,main,11,/Users/teble/project/android/DexKit-benchmark-data/qq-9.3.55/formal/h2-p11/pair-05-baseline,5,1,baseline,03eddd050d473950dbfc2d1757f1f541f11e168036b4431024c8c343ad5ce004,7752.453875,237.917333,696.574708,2004336640,2004336640,2114607232,2114607232,1296.3475,5479.150917,534.611538,535.02254,539.303545,672.589208,540.014087,533.22875,529.911,533.226542,530.330375,530.913332
h2,main,11,/Users/teble/project/android/DexKit-benchmark-data/qq-9.3.55/formal/h2-p11/pair-06-baseline,6,0,baseline,03eddd050d473950dbfc2d1757f1f541f11e168036b4431024c8c343ad5ce004,7577.332708,234.814333,679.559125,2132934656,2132934656,2112641024,2112641024,1246.349001,5376.252124,535.783541,534.204834,537.069832,554.212624,536.269166,536.632415,540.124167,532.855293,534.458793,534.641459
h2,main,11,/Users/teble/project/android/DexKit-benchmark-data/qq-9.3.55/formal/h2-p11/pair-06-h2,6,1,h2,00426f9ca0be310cda4fe46204a046f5cb2d6bff94a329b365be6b003ceaf883,7525.682917,237.889209,631.717333,2093596672,2093596672,2079873024,2079873024,1236.3035,5377.708904,538.81504,542.006126,535.051956,546.241916,538.380623,532.167372,531.528209,535.852707,542.388957,535.275998
h2,main,11,/Users/teble/project/android/DexKit-benchmark-data/qq-9.3.55/formal/h2-p11/pair-07-h2,7,0,h2,00426f9ca0be310cda4fe46204a046f5cb2d6bff94a329b365be6b003ceaf883,7736.560083,244.68625,763.845875,2098921472,2098921472,2073860032,2073860032,1236.143415,5451.311032,533.339124,532.186751,532.115584,535.512542,542.456123,535.880414,611.360584,549.190623,538.767538,540.501749
h2,main,11,/Users/teble/project/android/DexKit-benchmark-data/qq-9.3.55/formal/h2-p11/pair-07-baseline,7,1,baseline,03eddd050d473950dbfc2d1757f1f541f11e168036b4431024c8c343ad5ce004,7761.242208,235.439458,715.852208,1805287424,1805287424,2120685632,2120685632,1387.496497,5380.098294,540.124252,533.226543,533.278168,547.361583,537.601708,536.369791,542.387794,539.539499,535.866082,534.342874
h2,main,11,/Users/teble/project/android/DexKit-benchmark-data/qq-9.3.55/formal/h2-p11/pair-08-h2,8,0,h2,00426f9ca0be310cda4fe46204a046f5cb2d6bff94a329b365be6b003ceaf883,7497.257792,238.676667,618.6055,2105966592,2105966592,2071533632,2071533632,1247.973666,5351.112086,535.815668,529.936333,530.691375,553.042582,538.1705,531.369252,531.103958,532.481794,534.10796,534.392664
h2,main,11,/Users/teble/project/android/DexKit-benchmark-data/qq-9.3.55/formal/h2-p11/pair-08-baseline,8,1,baseline,03eddd050d473950dbfc2d1757f1f541f11e168036b4431024c8c343ad5ce004,7634.17025,243.8055,689.182042,2059206656,2059206656,2114836544,2114836544,1258.621125,5401.570621,544.710084,539.626956,535.738708,553.067874,537.43596,533.988335,536.452165,536.032791,543.566999,540.950749
h2,main,11,/Users/teble/project/android/DexKit-benchmark-data/qq-9.3.55/formal/h2-p11/pair-09-h2,9,0,h2,00426f9ca0be310cda4fe46204a046f5cb2d6bff94a329b365be6b003ceaf883,7785.009917,262.862083,670.142875,1722400768,1722400768,2082789312,2082789312,1318.2175,5492.278793,627.161458,532.969294,533.333877,578.676417,539.621169,535.402666,534.619956,541.683998,535.534581,533.275377
h2,main,11,/Users/teble/project/android/DexKit-benchmark-data/qq-9.3.55/formal/h2-p11/pair-09-baseline,9,1,baseline,03eddd050d473950dbfc2d1757f1f541f11e168036b4431024c8c343ad5ce004,7662.942084,236.434125,730.001042,1944158208,1944158208,2114852928,2114852928,1287.600917,5368.062303,541.719331,535.371375,531.0775,547.774,538.391796,532.986877,534.779294,535.079294,537.303918,533.578918
h2,main,11,/Users/teble/project/android/DexKit-benchmark-data/qq-9.3.55/formal/h2-p11/pair-10-h2,10,0,h2,00426f9ca0be310cda4fe46204a046f5cb2d6bff94a329b365be6b003ceaf883,8023.855333,237.851833,891.008791,2099118080,2099118080,2081003456,2081003456,1245.537289,5606.703028,540.958747,540.899542,590.884249,619.840038,565.346375,581.287456,537.318083,546.075752,543.647164,540.445622
h2,main,11,/Users/teble/project/android/DexKit-benchmark-data/qq-9.3.55/formal/h2-p11/pair-10-baseline,10,1,baseline,03eddd050d473950dbfc2d1757f1f541f11e168036b4431024c8c343ad5ce004,7798.794583,243.278083,722.229167,1695891456,1695891456,2115770432,2115770432,1319.697624,5473.075344,556.508419,562.644377,557.083626,550.221874,545.687459,539.57642,540.671295,534.932752,545.942082,539.80704
h2,main,11,/Users/teble/project/android/DexKit-benchmark-data/qq-9.3.55/formal/h2-p11/pair-11-baseline,11,0,baseline,03eddd050d473950dbfc2d1757f1f541f11e168036b4431024c8c343ad5ce004,7715.078375,238.319959,754.901166,2047426560,2047426560,2107136000,2107136000,1271.222207,5410.095002,540.352998,540.220459,546.283082,544.343751,539.599501,541.963041,539.103418,535.642669,539.689207,542.896876
h2,main,11,/Users/teble/project/android/DexKit-benchmark-data/qq-9.3.55/formal/h2-p11/pair-11-h2,11,1,h2,00426f9ca0be310cda4fe46204a046f5cb2d6bff94a329b365be6b003ceaf883,7650.538792,241.999583,731.266709,2095431680,2095431680,2074138624,2074138624,1248.155001,5389.289124,536.865084,540.609876,530.852666,547.766878,538.932083,536.486623,532.074582,545.515042,541.927165,538.259125
h2,confirmation,1,/Users/teble/project/android/DexKit-benchmark-data/qq-9.3.55/formal/h2-confirm-p1/pair-00-baseline,0,0,baseline,03eddd050d473950dbfc2d1757f1f541f11e168036b4431024c8c343ad5ce004,2487.354416,242.020666,807.790625,2115354624,2115354624,2094946304,2094946304,1401.769459,0.0,,,,,,,,,,
h2,confirmation,1,/Users/teble/project/android/DexKit-benchmark-data/qq-9.3.55/formal/h2-confirm-p1/pair-00-h2,0,1,h2,00426f9ca0be310cda4fe46204a046f5cb2d6bff94a329b365be6b003ceaf883,2185.314875,249.2635,641.383083,2096562176,2096562176,2061735872,2061735872,1260.25221,0.0,,,,,,,,,,
h2,confirmation,1,/Users/teble/project/android/DexKit-benchmark-data/qq-9.3.55/formal/h2-confirm-p1/pair-01-h2,1,0,h2,00426f9ca0be310cda4fe46204a046f5cb2d6bff94a329b365be6b003ceaf883,2193.149584,247.116292,646.647042,2081636352,2081636352,2058065856,2058065856,1264.590544,0.0,,,,,,,,,,
h2,confirmation,1,/Users/teble/project/android/DexKit-benchmark-data/qq-9.3.55/formal/h2-confirm-p1/pair-01-baseline,1,1,baseline,03eddd050d473950dbfc2d1757f1f541f11e168036b4431024c8c343ad5ce004,2216.2105,242.67475,656.671709,2106572800,2106572800,2101434304,2101434304,1282.136084,0.0,,,,,,,,,,
h2,confirmation,1,/Users/teble/project/android/DexKit-benchmark-data/qq-9.3.55/formal/h2-confirm-p1/pair-02-h2,2,0,h2,00426f9ca0be310cda4fe46204a046f5cb2d6bff94a329b365be6b003ceaf883,2202.45025,244.013917,643.862041,2093760512,2093760512,2060179392,2060179392,1279.210001,0.0,,,,,,,,,,
h2,confirmation,1,/Users/teble/project/android/DexKit-benchmark-data/qq-9.3.55/formal/h2-confirm-p1/pair-02-baseline,2,1,baseline,03eddd050d473950dbfc2d1757f1f541f11e168036b4431024c8c343ad5ce004,2226.181791,244.65675,666.622208,2115256320,2115256320,2093504512,2093504512,1279.844872,0.0,,,,,,,,,,
h2,confirmation,1,/Users/teble/project/android/DexKit-benchmark-data/qq-9.3.55/formal/h2-confirm-p1/pair-03-h2,3,0,h2,00426f9ca0be310cda4fe46204a046f5cb2d6bff94a329b365be6b003ceaf883,2176.024541,240.274416,637.136458,2078638080,2078638080,2069649408,2069649408,1263.694166,0.0,,,,,,,,,,
h2,confirmation,1,/Users/teble/project/android/DexKit-benchmark-data/qq-9.3.55/formal/h2-confirm-p1/pair-03-baseline,3,1,baseline,03eddd050d473950dbfc2d1757f1f541f11e168036b4431024c8c343ad5ce004,2350.328833,245.420208,697.463083,1990541312,1990541312,2095601600,2095601600,1372.17271,0.0,,,,,,,,,,
h2,confirmation,1,/Users/teble/project/android/DexKit-benchmark-data/qq-9.3.55/formal/h2-confirm-p1/pair-04-baseline,4,0,baseline,03eddd050d473950dbfc2d1757f1f541f11e168036b4431024c8c343ad5ce004,2532.788708,244.984833,906.827541,1993687040,1993687040,2100041664,2100041664,1345.03396,0.0,,,,,,,,,,
h2,confirmation,1,/Users/teble/project/android/DexKit-benchmark-data/qq-9.3.55/formal/h2-confirm-p1/pair-04-h2,4,1,h2,00426f9ca0be310cda4fe46204a046f5cb2d6bff94a329b365be6b003ceaf883,2354.328042,243.740458,696.495334,1818034176,1818034176,2066880384,2066880384,1379.077292,0.0,,,,,,,,,,
h2,confirmation,1,/Users/teble/project/android/DexKit-benchmark-data/qq-9.3.55/formal/h2-confirm-p1/pair-05-baseline,5,0,baseline,03eddd050d473950dbfc2d1757f1f541f11e168036b4431024c8c343ad5ce004,2351.392708,242.332708,740.5905,1877311488,1877311488,2102138944,2102138944,1331.896832,0.0,,,,,,,,,,
h2,confirmation,1,/Users/teble/project/android/DexKit-benchmark-data/qq-9.3.55/formal/h2-confirm-p1/pair-05-h2,5,1,h2,00426f9ca0be310cda4fe46204a046f5cb2d6bff94a329b365be6b003ceaf883,2223.436292,248.95525,657.286959,2069741568,2069741568,2058737664,2058737664,1283.370955,0.0,,,,,,,,,,
h2,confirmation,11,/Users/teble/project/android/DexKit-benchmark-data/qq-9.3.55/formal/h2-confirm-p11/pair-00-baseline,0,0,baseline,03eddd050d473950dbfc2d1757f1f541f11e168036b4431024c8c343ad5ce004,7934.010084,239.861167,794.760417,1918779392,1918779392,2118654080,2118654080,1331.570581,5526.968042,548.522168,537.011461,536.359457,556.697416,613.95029,545.851125,559.633457,544.832999,543.633626,540.476043
h2,confirmation,11,/Users/teble/project/android/DexKit-benchmark-data/qq-9.3.55/formal/h2-confirm-p11/pair-00-h2,0,1,h2,00426f9ca0be310cda4fe46204a046f5cb2d6bff94a329b365be6b003ceaf883,7700.10125,241.563875,703.889667,1896415232,1896415232,2084231168,2084231168,1305.541958,5404.373756,544.253039,551.238126,542.359042,548.063251,545.044208,532.622209,535.035126,534.702125,536.325961,534.730669
h2,confirmation,11,/Users/teble/project/android/DexKit-benchmark-data/qq-9.3.55/formal/h2-confirm-p11/pair-01-h2,1,0,h2,00426f9ca0be310cda4fe46204a046f5cb2d6bff94a329b365be6b003ceaf883,7804.824792,242.614458,678.824042,1868677120,1868677120,2080086080,2080086080,1309.669211,5529.504988,673.275331,537.452248,536.461539,554.203292,543.562664,533.450001,538.763414,538.246917,539.6755,534.414082
h2,confirmation,11,/Users/teble/project/android/DexKit-benchmark-data/qq-9.3.55/formal/h2-confirm-p11/pair-01-baseline,1,1,baseline,03eddd050d473950dbfc2d1757f1f541f11e168036b4431024c8c343ad5ce004,7839.083916,245.990125,747.769375,2135375872,2135375872,2102401088,2102401088,1276.940541,5529.884832,545.77138,547.848416,540.949498,561.396957,613.949999,545.81,545.383457,543.442127,543.398664,541.934334
h2,confirmation,11,/Users/teble/project/android/DexKit-benchmark-data/qq-9.3.55/formal/h2-confirm-p11/pair-02-h2,2,0,h2,00426f9ca0be310cda4fe46204a046f5cb2d6bff94a329b365be6b003ceaf883,7800.346875,243.665292,782.265625,2029207552,2029207552,2081904576,2081904576,1300.918124,5428.332245,541.592418,546.365123,543.667874,554.909291,543.415372,537.603208,540.848,536.645001,545.022708,538.26325
h2,confirmation,11,/Users/teble/project/android/DexKit-benchmark-data/qq-9.3.55/formal/h2-confirm-p11/pair-02-baseline,2,1,baseline,03eddd050d473950dbfc2d1757f1f541f11e168036b4431024c8c343ad5ce004,8061.28275,242.462791,760.182625,1823309824,1823309824,2121062336,2121062336,1394.101585,5623.628658,560.776541,633.561208,552.097875,567.226832,548.164749,548.311875,556.182542,547.948998,551.480122,557.877916
h2,confirmation,11,/Users/teble/project/android/DexKit-benchmark-data/qq-9.3.55/formal/h2-confirm-p11/pair-03-h2,3,0,h2,00426f9ca0be310cda4fe46204a046f5cb2d6bff94a329b365be6b003ceaf883,7770.705791,243.462125,755.114958,2016329728,2016329728,2079873024,2079873024,1300.932331,5430.90359,546.754377,549.962837,543.183752,553.248873,542.437207,536.193375,538.107374,539.760793,542.602586,538.652416
h2,confirmation,11,/Users/teble/project/android/DexKit-benchmark-data/qq-9.3.55/formal/h2-confirm-p11/pair-03-baseline,3,1,baseline,03eddd050d473950dbfc2d1757f1f541f11e168036b4431024c8c343ad5ce004,8006.225958,237.96625,724.147833,2042920960,2042920960,2113673088,2113673088,1303.77475,5700.404961,549.895123,545.356628,545.383667,627.101875,588.849624,629.663168,598.310375,540.078085,539.541002,536.225414
h2,confirmation,11,/Users/teble/project/android/DexKit-benchmark-data/qq-9.3.55/formal/h2-confirm-p11/pair-04-baseline,4,0,baseline,03eddd050d473950dbfc2d1757f1f541f11e168036b4431024c8c343ad5ce004,7793.742625,241.563417,789.6535,2043592704,2043592704,2115246208,2115246208,1276.594626,5446.081539,533.934747,541.949708,538.478747,550.995375,548.872337,533.085458,537.412791,534.812417,533.640793,592.899166
h2,confirmation,11,/Users/teble/project/android/DexKit-benchmark-data/qq-9.3.55/formal/h2-confirm-p11/pair-04-h2,4,1,h2,00426f9ca0be310cda4fe46204a046f5cb2d6bff94a329b365be6b003ceaf883,7512.120917,236.816292,626.373292,2106884096,2106884096,2069076032,2069076032,1235.751378,5371.735507,534.350668,533.43521,538.892582,550.215666,533.862086,537.275917,534.188627,534.039666,538.956999,536.518086
h2,confirmation,11,/Users/teble/project/android/DexKit-benchmark-data/qq-9.3.55/formal/h2-confirm-p11/pair-05-baseline,5,0,baseline,03eddd050d473950dbfc2d1757f1f541f11e168036b4431024c8c343ad5ce004,7611.089708,236.291208,683.064708,2097610752,2097610752,2111002624,2111002624,1259.145044,5394.225084,538.764087,541.836207,532.371584,554.969916,540.517167,538.046876,539.269791,533.3405,538.438583,536.670373
h2,confirmation,11,/Users/teble/project/android/DexKit-benchmark-data/qq-9.3.55/formal/h2-confirm-p11/pair-05-h2,5,1,h2,00426f9ca0be310cda4fe46204a046f5cb2d6bff94a329b365be6b003ceaf883,7574.323,239.691667,669.349916,2058813440,2058813440,2071893888,2071893888,1232.017668,5392.420717,540.51329,540.244085,535.110416,539.428416,539.240335,555.182295,532.141376,535.857086,538.741544,535.961874
h3,main,1,/Users/teble/project/android/DexKit-benchmark-data/qq-9.3.55/formal/h3-p1/pair-00-baseline,0,0,baseline,03eddd050d473950dbfc2d1757f1f541f11e168036b4431024c8c343ad5ce004,2311.773875,246.510916,707.304834,1645314048,1645314048,2107922432,2107922432,1323.972043,0.0,,,,,,,,,,
h3,main,1,/Users/teble/project/android/DexKit-benchmark-data/qq-9.3.55/formal/h3-p1/pair-00-h3,0,1,h3,6929c4263e59e4502323157ff710c7d5e2ac53ae004c6678f6ff09f03b846e1e,2318.501667,239.119458,684.256875,1679261696,1679261696,2105104384,2105104384,1360.112875,0.0,,,,,,,,,,
h3,main,1,/Users/teble/project/android/DexKit-benchmark-data/qq-9.3.55/formal/h3-p1/pair-01-baseline,1,0,baseline,03eddd050d473950dbfc2d1757f1f541f11e168036b4431024c8c343ad5ce004,2347.484083,242.159666,738.514792,1884258304,1884258304,2101794816,2101794816,1333.11129,0.0,,,,,,,,,,
h3,main,1,/Users/teble/project/android/DexKit-benchmark-data/qq-9.3.55/formal/h3-p1/pair-01-h3,1,1,h3,6929c4263e59e4502323157ff710c7d5e2ac53ae004c6678f6ff09f03b846e1e,2117.453333,240.533916,636.76375,2130935808,2130935808,2095896576,2095896576,1207.081996,0.0,,,,,,,,,,
h3,main,1,/Users/teble/project/android/DexKit-benchmark-data/qq-9.3.55/formal/h3-p1/pair-02-h3,2,0,h3,6929c4263e59e4502323157ff710c7d5e2ac53ae004c6678f6ff09f03b846e1e,2185.081583,248.779708,686.020875,2054766592,2054766592,2099238848,2099238848,1217.371375,0.0,,,,,,,,,,
h3,main,1,/Users/teble/project/android/DexKit-benchmark-data/qq-9.3.55/formal/h3-p1/pair-02-baseline,2,1,baseline,03eddd050d473950dbfc2d1757f1f541f11e168036b4431024c8c343ad5ce004,2280.545166,237.875,727.257,1911586816,1911586816,2101745600,2101745600,1282.311543,0.0,,,,,,,,,,
h3,main,1,/Users/teble/project/android/DexKit-benchmark-data/qq-9.3.55/formal/h3-p1/pair-03-baseline,3,0,baseline,03eddd050d473950dbfc2d1757f1f541f11e168036b4431024c8c343ad5ce004,2332.123375,243.484416,771.440292,1937686528,1937686528,2102695808,2102695808,1283.594959,0.0,,,,,,,,,,
h3,main,1,/Users/teble/project/android/DexKit-benchmark-data/qq-9.3.55/formal/h3-p1/pair-03-h3,3,1,h3,6929c4263e59e4502323157ff710c7d5e2ac53ae004c6678f6ff09f03b846e1e,2177.614291,239.271458,668.094708,2054324224,2054324224,2098485184,2098485184,1236.44279,0.0,,,,,,,,,,
h3,main,1,/Users/teble/project/android/DexKit-benchmark-data/qq-9.3.55/formal/h3-p1/pair-04-baseline,4,0,baseline,03eddd050d473950dbfc2d1757f1f541f11e168036b4431024c8c343ad5ce004,2378.979708,238.660583,795.619875,1964982272,1964982272,2098288640,2098288640,1310.463543,0.0,,,,,,,,,,
h3,main,1,/Users/teble/project/android/DexKit-benchmark-data/qq-9.3.55/formal/h3-p1/pair-04-h3,4,1,h3,6929c4263e59e4502323157ff710c7d5e2ac53ae004c6678f6ff09f03b846e1e,2369.454833,240.686083,747.401333,1878245376,1878245376,2106071040,2106071040,1338.762793,0.0,,,,,,,,,,
h3,main,1,/Users/teble/project/android/DexKit-benchmark-data/qq-9.3.55/formal/h3-p1/pair-05-h3,5,0,h3,6929c4263e59e4502323157ff710c7d5e2ac53ae004c6678f6ff09f03b846e1e,2140.83275,239.772792,651.850458,2131869696,2131869696,2099091392,2099091392,1215.619958,0.0,,,,,,,,,,
h3,main,1,/Users/teble/project/android/DexKit-benchmark-data/qq-9.3.55/formal/h3-p1/pair-05-baseline,5,1,baseline,03eddd050d473950dbfc2d1757f1f541f11e168036b4431024c8c343ad5ce004,2178.998792,239.64925,649.300709,2131705856,2131705856,2099402752,2099402752,1256.241583,0.0,,,,,,,,,,
h3,main,1,/Users/teble/project/android/DexKit-benchmark-data/qq-9.3.55/formal/h3-p1/pair-06-baseline,6,0,baseline,03eddd050d473950dbfc2d1757f1f541f11e168036b4431024c8c343ad5ce004,2166.991875,232.99775,646.838,2118713344,2118713344,2097846336,2097846336,1252.732414,0.0,,,,,,,,,,
h3,main,1,/Users/teble/project/android/DexKit-benchmark-data/qq-9.3.55/formal/h3-p1/pair-06-h3,6,1,h3,6929c4263e59e4502323157ff710c7d5e2ac53ae004c6678f6ff09f03b846e1e,2138.701333,246.560708,655.222083,2106900480,2106900480,2091898816,2091898816,1202.743792,0.0,,,,,,,,,,
h3,main,1,/Users/teble/project/android/DexKit-benchmark-data/qq-9.3.55/formal/h3-p1/pair-07-h3,7,0,h3,6929c4263e59e4502323157ff710c7d5e2ac53ae004c6678f6ff09f03b846e1e,2139.542167,245.138792,653.82225,2126020608,2126020608,2091702208,2091702208,1207.203664,0.0,,,,,,,,,,
h3,main,1,/Users/teble/project/android/DexKit-benchmark-data/qq-9.3.55/formal/h3-p1/pair-07-baseline,7,1,baseline,03eddd050d473950dbfc2d1757f1f541f11e168036b4431024c8c343ad5ce004,2175.506792,236.821292,641.04425,2063073280,2063073280,2086655936,2086655936,1263.736249,0.0,,,,,,,,,,
h3,main,1,/Users/teble/project/android/DexKit-benchmark-data/qq-9.3.55/formal/h3-p1/pair-08-h3,8,0,h3,6929c4263e59e4502323157ff710c7d5e2ac53ae004c6678f6ff09f03b846e1e,2120.409417,237.3355,646.390792,2121498624,2121498624,2101991424,2101991424,1203.278248,0.0,,,,,,,,,,
h3,main,1,/Users/teble/project/android/DexKit-benchmark-data/qq-9.3.55/formal/h3-p1/pair-08-baseline,8,1,baseline,03eddd050d473950dbfc2d1757f1f541f11e168036b4431024c8c343ad5ce004,2256.537834,240.16175,715.394125,2110439424,2110439424,2096470080,2096470080,1268.051584,0.0,,,,,,,,,,
h3,main,1,/Users/teble/project/android/DexKit-benchmark-data/qq-9.3.55/formal/h3-p1/pair-09-h3,9,0,h3,6929c4263e59e4502323157ff710c7d5e2ac53ae004c6678f6ff09f03b846e1e,2296.996833,240.457416,709.029792,1691254784,1691254784,2105825216,2105825216,1312.93617,0.0,,,,,,,,,,
h3,main,1,/Users/teble/project/android/DexKit-benchmark-data/qq-9.3.55/formal/h3-p1/pair-09-baseline,9,1,baseline,03eddd050d473950dbfc2d1757f1f541f11e168036b4431024c8c343ad5ce004,2320.9125,241.014291,733.025292,1888272384,1888272384,2099992576,2099992576,1313.907957,0.0,,,,,,,,,,
h3,main,1,/Users/teble/project/android/DexKit-benchmark-data/qq-9.3.55/formal/h3-p1/pair-10-h3,10,0,h3,6929c4263e59e4502323157ff710c7d5e2ac53ae004c6678f6ff09f03b846e1e,2293.072083,248.951458,751.517125,1958707200,1958707200,2099796032,2099796032,1258.943541,0.0,,,,,,,,,,
h3,main,1,/Users/teble/project/android/DexKit-benchmark-data/qq-9.3.55/formal/h3-p1/pair-10-baseline,10,1,baseline,03eddd050d473950dbfc2d1757f1f541f11e168036b4431024c8c343ad5ce004,2211.067834,239.92875,659.507584,2096496640,2096496640,2100009024,2100009024,1278.122626,0.0,,,,,,,,,,
h3,main,1,/Users/teble/project/android/DexKit-benchmark-data/qq-9.3.55/formal/h3-p1/pair-11-baseline,11,0,baseline,03eddd050d473950dbfc2d1757f1f541f11e168036b4431024c8c343ad5ce004,2197.902542,240.742917,671.717792,2073542656,2073542656,2100123648,2100123648,1252.536002,0.0,,,,,,,,,,
h3,main,1,/Users/teble/project/android/DexKit-benchmark-data/qq-9.3.55/formal/h3-p1/pair-11-h3,11,1,h3,6929c4263e59e4502323157ff710c7d5e2ac53ae004c6678f6ff09f03b846e1e,2199.471875,240.8225,706.192291,1988919296,1988919296,2102908928,2102908928,1219.132791,0.0,,,,,,,,,,
h3,main,11,/Users/teble/project/android/DexKit-benchmark-data/qq-9.3.55/formal/h3-p11/pair-00-baseline,0,0,baseline,03eddd050d473950dbfc2d1757f1f541f11e168036b4431024c8c343ad5ce004,7691.952292,242.749458,771.454334,1890729984,1890729984,2122618944,2122618944,1285.189041,5350.169418,536.382123,530.41346,549.58875,548.072877,531.253125,529.288374,531.361918,526.550959,532.349332,534.9085
h3,main,11,/Users/teble/project/android/DexKit-benchmark-data/qq-9.3.55/formal/h3-p11/pair-00-h3,0,1,h3,6929c4263e59e4502323157ff710c7d5e2ac53ae004c6678f6ff09f03b846e1e,7278.804083,244.071958,740.382958,2000158720,2000158720,2113525824,2113525824,1307.233792,4944.393662,533.133167,487.487041,489.14258,500.718833,493.028707,487.938457,486.157377,487.429541,489.603086,489.754873
h3,main,11,/Users/teble/project/android/DexKit-benchmark-data/qq-9.3.55/formal/h3-p11/pair-01-baseline,1,0,baseline,03eddd050d473950dbfc2d1757f1f541f11e168036b4431024c8c343ad5ce004,7802.954833,236.138041,845.963333,2131968000,2131968000,2115278912,2115278912,1256.718879,5423.445669,542.145874,537.393039,537.756125,556.326751,537.329335,532.648459,531.244959,535.690502,578.83925,534.071375
h3,main,11,/Users/teble/project/android/DexKit-benchmark-data/qq-9.3.55/formal/h3-p11/pair-01-h3,1,1,h3,6929c4263e59e4502323157ff710c7d5e2ac53ae004c6678f6ff09f03b846e1e,7168.966208,234.06225,678.633291,2133475328,2133475328,2110937152,2110937152,1262.63525,4953.373038,490.085788,505.530252,490.634876,504.923583,495.57304,484.729624,489.497999,509.583585,492.043874,490.770417
h3,main,11,/Users/teble/project/android/DexKit-benchmark-data/qq-9.3.55/formal/h3-p11/pair-02-h3,2,0,h3,6929c4263e59e4502323157ff710c7d5e2ac53ae004c6678f6ff09f03b846e1e,7440.761625,239.791542,925.819916,2062483456,2062483456,2113361984,2113361984,1207.053585,5026.983871,502.788042,485.195875,498.302625,506.777333,579.49125,490.668958,488.18408,486.063168,495.7765,493.73604
h3,main,11,/Users/teble/project/android/DexKit-benchmark-data/qq-9.3.55/formal/h3-p11/pair-02-baseline,2,1,baseline,03eddd050d473950dbfc2d1757f1f541f11e168036b4431024c8c343ad5ce004,7830.706375,242.451458,729.193584,1729986560,1729986560,2115672192,2115672192,1387.597372,5427.446919,542.07046,540.366581,535.502419,552.13654,557.112247,536.878377,539.829793,537.370999,537.148834,549.030669
h3,main,11,/Users/teble/project/android/DexKit-benchmark-data/qq-9.3.55/formal/h3-p11/pair-03-baseline,3,0,baseline,03eddd050d473950dbfc2d1757f1f541f11e168036b4431024c8c343ad5ce004,7748.760625,237.707041,769.17675,1990688768,1990688768,2110494784,2110494784,1273.757,5426.766706,545.580417,536.676915,535.666915,548.757417,541.14404,538.369166,541.483541,540.803877,544.357167,553.927251
h3,main,11,/Users/teble/project/android/DexKit-benchmark-data/qq-9.3.55/formal/h3-p11/pair-03-h3,3,1,h3,6929c4263e59e4502323157ff710c7d5e2ac53ae004c6678f6ff09f03b846e1e,7320.712917,256.110292,723.213458,1929248768,1929248768,2120620096,2120620096,1282.705664,5015.978823,497.592918,493.800206,506.697125,517.614374,498.631748,493.449041,500.916124,499.99125,495.522747,511.76329
h3,main,11,/Users/teble/project/android/DexKit-benchmark-data/qq-9.3.55/formal/h3-p11/pair-04-baseline,4,0,baseline,03eddd050d473950dbfc2d1757f1f541f11e168036b4431024c8c343ad5ce004,8048.0125,244.958333,765.271667,1867300864,1867300864,2115426368,2115426368,1436.972289,5545.577798,545.042999,546.72375,541.952834,568.069335,557.450377,542.743124,592.992417,560.344169,545.464167,544.794626
h3,main,11,/Users/teble/project/android/DexKit-benchmark-data/qq-9.3.55/formal/h3-p11/pair-04-h3,4,1,h3,6929c4263e59e4502323157ff710c7d5e2ac53ae004c6678f6ff09f03b846e1e,7231.101417,239.581,710.643917,2104557568,2104557568,2108495808,2108495808,1238.855376,5000.564586,503.612375,496.638711,497.596083,513.863335,499.316707,494.311164,499.008999,499.261708,497.799003,499.156501
h3,main,11,/Users/teble/project/android/DexKit-benchmark-data/qq-9.3.55/formal/h3-p11/pair-05-h3,5,0,h3,6929c4263e59e4502323157ff710c7d5e2ac53ae004c6678f6ff09f03b846e1e,7149.490084,240.329042,672.27075,2108506112,2108506112,2114099328,2114099328,1217.958584,4979.265653,499.554206,491.692543,493.314833,508.828957,501.451291,501.763165,499.400083,490.182745,496.16025,496.91758
h3,main,11,/Users/teble/project/android/DexKit-benchmark-data/qq-9.3.55/formal/h3-p11/pair-05-baseline,5,1,baseline,03eddd050d473950dbfc2d1757f1f541f11e168036b4431024c8c343ad5ce004,7911.669917,236.824167,784.070709,2105262080,2105262080,2118031360,2118031360,1266.004793,5582.987252,552.235334,590.281795,577.177792,562.154955,552.831541,546.900626,551.555376,545.011499,543.582293,561.256041
h3,main,11,/Users/teble/project/android/DexKit-benchmark-data/qq-9.3.55/formal/h3-p11/pair-06-baseline,6,0,baseline,03eddd050d473950dbfc2d1757f1f541f11e168036b4431024c8c343ad5ce004,7807.219,238.058333,727.683875,1886191616,1886191616,2121832448,2121832448,1309.210044,5490.893171,545.302956,549.716623,559.288169,560.800462,549.011875,547.904584,545.100001,545.50521,543.75704,544.506251
h3,main,11,/Users/teble/project/android/DexKit-benchmark-data/qq-9.3.55/formal/h3-p11/pair-06-h3,6,1,h3,6929c4263e59e4502323157ff710c7d5e2ac53ae004c6678f6ff09f03b846e1e,7334.947,235.238,732.354833,2005123072,2005123072,2119194688,2119194688,1324.650793,5000.353251,495.175416,509.41446,495.804253,509.216373,501.350334,497.281288,497.360793,495.437833,493.841625,505.470876
h3,main,11,/Users/teble/project/android/DexKit-benchmark-data/qq-9.3.55/formal/h3-p11/pair-07-h3,7,0,h3,6929c4263e59e4502323157ff710c7d5e2ac53ae004c6678f6ff09f03b846e1e,7244.301792,239.586875,744.21075,1981841408,1981841408,2115164224,2115164224,1249.129708,4971.421877,497.474166,495.316126,491.930792,505.242458,499.575126,498.091957,494.81304,499.682208,497.982252,491.313752
h3,main,11,/Users/teble/project/android/DexKit-benchmark-data/qq-9.3.55/formal/h3-p11/pair-07-baseline,7,1,baseline,03eddd050d473950dbfc2d1757f1f541f11e168036b4431024c8c343ad5ce004,7894.543375,251.791459,738.479125,2111029248,2111029248,2116622272,2116622272,1301.812877,5561.383701,549.107039,592.128751,550.982458,556.209416,551.632414,542.688955,563.028456,545.355126,549.834168,560.416918
h3,main,11,/Users/teble/project/android/DexKit-benchmark-data/qq-9.3.55/formal/h3-p11/pair-08-h3,8,0,h3,6929c4263e59e4502323157ff710c7d5e2ac53ae004c6678f6ff09f03b846e1e,7273.20125,242.17075,738.639209,1976893440,1976893440,2114394112,2114394112,1242.64825,5007.743544,502.777292,494.32975,507.995291,503.915874,504.551708,501.548706,496.941794,499.947294,495.894042,499.841793
h3,main,11,/Users/teble/project/android/DexKit-benchmark-data/qq-9.3.55/formal/h3-p11/pair-08-baseline,8,1,baseline,03eddd050d473950dbfc2d1757f1f541f11e168036b4431024c8c343ad5ce004,8065.85175,234.239833,836.298042,1856012288,1856012288,2118195264,2118195264,1406.62425,5545.348156,553.997417,554.891416,553.789206,566.132792,566.119998,547.516039,549.848791,549.077456,546.30775,557.667291
h3,main,11,/Users/teble/project/android/DexKit-benchmark-data/qq-9.3.55/formal/h3-p11/pair-09-h3,9,0,h3,6929c4263e59e4502323157ff710c7d5e2ac53ae004c6678f6ff09f03b846e1e,7369.455291,249.314458,717.640416,1777664000,1777664000,2116655104,2116655104,1369.908291,4982.483295,500.519753,496.907667,496.714332,513.788418,499.085749,495.512837,492.647665,495.73121,497.297288,494.278376
h3,main,11,/Users/teble/project/android/DexKit-benchmark-data/qq-9.3.55/formal/h3-p11/pair-09-baseline,9,1,baseline,03eddd050d473950dbfc2d1757f1f541f11e168036b4431024c8c343ad5ce004,7807.520833,237.700833,729.983792,2107555840,2107555840,2115082304,2115082304,1294.339956,5503.961284,551.307457,545.123749,539.403915,556.315791,548.50421,549.767667,562.922165,544.107249,561.607916,544.901165
h3,main,11,/Users/teble/project/android/DexKit-benchmark-data/qq-9.3.55/formal/h3-p11/pair-10-h3,10,0,h3,6929c4263e59e4502323157ff710c7d5e2ac53ae004c6678f6ff09f03b846e1e,7264.565042,238.7435,776.968417,2144993280,2144993280,2116261888,2116261888,1220.437168,4988.532749,491.896332,499.515956,491.676042,507.979249,500.848999,498.471334,496.379875,506.282002,496.055458,499.427502
h3,main,11,/Users/teble/project/android/DexKit-benchmark-data/qq-9.3.55/formal/h3-p11/pair-10-baseline,10,1,baseline,03eddd050d473950dbfc2d1757f1f541f11e168036b4431024c8c343ad5ce004,7818.77475,240.5735,792.168959,1956642816,1956642816,2109266048,2109266048,1289.682831,5455.827875,545.213581,540.000041,542.291336,561.491917,548.13058,547.132461,540.706209,543.734665,546.409001,540.718084
h3,main,11,/Users/teble/project/android/DexKit-benchmark-data/qq-9.3.55/formal/h3-p11/pair-11-baseline,11,0,baseline,03eddd050d473950dbfc2d1757f1f541f11e168036b4431024c8c343ad5ce004,7801.192959,235.863,767.811084,2131099648,2131099648,2110380160,2110380160,1274.576666,5481.983739,551.278749,546.609499,543.139123,564.326582,542.837086,542.486956,543.843832,545.118164,554.793623,547.550125
h3,main,11,/Users/teble/project/android/DexKit-benchmark-data/qq-9.3.55/formal/h3-p11/pair-11-h3,11,1,h3,6929c4263e59e4502323157ff710c7d5e2ac53ae004c6678f6ff09f03b846e1e,7271.222292,240.137625,708.648625,1879162880,1879162880,2113067072,2113067072,1253.420042,5027.573869,500.558791,502.180336,494.153209,533.674833,513.220997,500.534835,494.510416,495.614539,498.315375,494.810538
h3,confirmation,1,/Users/teble/project/android/DexKit-benchmark-data/qq-9.3.55/formal/h3-confirm-p1/pair-00-baseline,0,0,baseline,03eddd050d473950dbfc2d1757f1f541f11e168036b4431024c8c343ad5ce004,2367.0465,285.705916,682.922959,1685274624,1685274624,2101762048,2101762048,1362.067165,0.0,,,,,,,,,,
h3,confirmation,1,/Users/teble/project/android/DexKit-benchmark-data/qq-9.3.55/formal/h3-confirm-p1/pair-00-h3,0,1,h3,6929c4263e59e4502323157ff710c7d5e2ac53ae004c6678f6ff09f03b846e1e,2375.769125,231.955583,704.468667,1658896384,1658896384,2104268672,2104268672,1404.715336,0.0,,,,,,,,,,
h3,confirmation,1,/Users/teble/project/android/DexKit-benchmark-data/qq-9.3.55/formal/h3-confirm-p1/pair-01-baseline,1,0,baseline,03eddd050d473950dbfc2d1757f1f541f11e168036b4431024c8c343ad5ce004,2240.170958,229.141417,693.956583,2037153792,2037153792,2098255872,2098255872,1283.35396,0.0,,,,,,,,,,
h3,confirmation,1,/Users/teble/project/android/DexKit-benchmark-data/qq-9.3.55/formal/h3-confirm-p1/pair-01-h3,1,1,h3,6929c4263e59e4502323157ff710c7d5e2ac53ae004c6678f6ff09f03b846e1e,2247.411792,232.30425,729.888167,1780924416,1780924416,2104268800,2104268800,1252.457835,0.0,,,,,,,,,,
h3,confirmation,1,/Users/teble/project/android/DexKit-benchmark-data/qq-9.3.55/formal/h3-confirm-p1/pair-02-h3,2,0,h3,6929c4263e59e4502323157ff710c7d5e2ac53ae004c6678f6ff09f03b846e1e,2362.354375,258.209875,699.674292,1630191616,1630191616,2105497600,2105497600,1365.568167,0.0,,,,,,,,,,
h3,confirmation,1,/Users/teble/project/android/DexKit-benchmark-data/qq-9.3.55/formal/h3-confirm-p1/pair-02-baseline,2,1,baseline,03eddd050d473950dbfc2d1757f1f541f11e168036b4431024c8c343ad5ce004,2356.657042,233.958584,705.622458,1732952064,1732952064,2106365888,2106365888,1383.108041,0.0,,,,,,,,,,
h3,confirmation,1,/Users/teble/project/android/DexKit-benchmark-data/qq-9.3.55/formal/h3-confirm-p1/pair-03-baseline,3,0,baseline,03eddd050d473950dbfc2d1757f1f541f11e168036b4431024c8c343ad5ce004,2363.858416,244.698625,718.441583,1780219904,1780219904,2108036992,2108036992,1365.316664,0.0,,,,,,,,,,
h3,confirmation,1,/Users/teble/project/android/DexKit-benchmark-data/qq-9.3.55/formal/h3-confirm-p1/pair-03-h3,3,1,h3,6929c4263e59e4502323157ff710c7d5e2ac53ae004c6678f6ff09f03b846e1e,2177.751042,235.194125,670.236542,2094907392,2094907392,2094307392,2094307392,1239.833876,0.0,,,,,,,,,,
h3,confirmation,1,/Users/teble/project/android/DexKit-benchmark-data/qq-9.3.55/formal/h3-confirm-p1/pair-04-h3,4,0,h3,6929c4263e59e4502323157ff710c7d5e2ac53ae004c6678f6ff09f03b846e1e,2198.188958,238.23,698.518042,2003845120,2003845120,2096797632,2096797632,1229.175749,0.0,,,,,,,,,,
h3,confirmation,1,/Users/teble/project/android/DexKit-benchmark-data/qq-9.3.55/formal/h3-confirm-p1/pair-04-baseline,4,1,baseline,03eddd050d473950dbfc2d1757f1f541f11e168036b4431024c8c343ad5ce004,2303.827625,236.658375,718.885209,2002845696,2002845696,2102614016,2102614016,1313.90471,0.0,,,,,,,,,,
h3,confirmation,1,/Users/teble/project/android/DexKit-benchmark-data/qq-9.3.55/formal/h3-confirm-p1/pair-05-h3,5,0,h3,6929c4263e59e4502323157ff710c7d5e2ac53ae004c6678f6ff09f03b846e1e,2212.235792,234.751209,703.352333,1823277056,1823277056,2096994304,2096994304,1241.417584,0.0,,,,,,,,,,
h3,confirmation,1,/Users/teble/project/android/DexKit-benchmark-data/qq-9.3.55/formal/h3-confirm-p1/pair-05-baseline,5,1,baseline,03eddd050d473950dbfc2d1757f1f541f11e168036b4431024c8c343ad5ce004,2293.4755,234.37075,735.47125,1900052480,1900052480,2097403904,2097403904,1289.004418,0.0,,,,,,,,,,
h3,confirmation,11,/Users/teble/project/android/DexKit-benchmark-data/qq-9.3.55/formal/h3-confirm-p11/pair-00-baseline,0,0,baseline,03eddd050d473950dbfc2d1757f1f541f11e168036b4431024c8c343ad5ce004,7709.121917,237.498125,709.748333,1969635328,1969635328,2116949952,2116949952,1296.503168,5426.815459,545.449792,534.135793,525.909669,550.311957,626.304751,533.928499,528.262334,525.388916,527.618457,529.505291
h3,confirmation,11,/Users/teble/project/android/DexKit-benchmark-data/qq-9.3.55/formal/h3-confirm-p11/pair-00-h3,0,1,h3,6929c4263e59e4502323157ff710c7d5e2ac53ae004c6678f6ff09f03b846e1e,7176.522833,242.323167,752.160791,1966260224,1966260224,2116360256,2116360256,1282.246998,4858.791203,485.325041,481.583913,481.245541,511.742126,487.634124,485.344583,482.124127,479.581416,479.918833,484.291499
h3,confirmation,11,/Users/teble/project/android/DexKit-benchmark-data/qq-9.3.55/formal/h3-confirm-p11/pair-01-baseline,1,0,baseline,03eddd050d473950dbfc2d1757f1f541f11e168036b4431024c8c343ad5ce004,7525.442167,236.917333,674.898875,2149367808,2149367808,2116278272,2116278272,1256.681795,5318.600097,537.484956,526.156712,527.837085,543.703584,533.413544,532.696046,525.493668,525.817709,535.045585,530.951208
h3,confirmation,11,/Users/teble/project/android/DexKit-benchmark-data/qq-9.3.55/formal/h3-confirm-p11/pair-01-h3,1,1,h3,6929c4263e59e4502323157ff710c7d5e2ac53ae004c6678f6ff09f03b846e1e,7268.876125,237.835167,826.192458,2109865984,2109865984,2117458048,2117458048,1204.056914,4960.215209,487.324082,489.609417,479.458458,497.516293,484.543625,481.41121,485.511707,504.806082,520.594042,529.440293
h3,confirmation,11,/Users/teble/project/android/DexKit-benchmark-data/qq-9.3.55/formal/h3-confirm-p11/pair-02-h3,2,0,h3,6929c4263e59e4502323157ff710c7d5e2ac53ae004c6678f6ff09f03b846e1e,7226.195417,239.563958,766.36575,1971863552,1971863552,2119653504,2119653504,1283.944124,4894.836666,494.272124,493.36579,492.307502,495.058705,484.824294,485.324958,478.094124,481.388125,507.725962,482.475082
h3,confirmation,11,/Users/teble/project/android/DexKit-benchmark-data/qq-9.3.55/formal/h3-confirm-p11/pair-02-baseline,2,1,baseline,03eddd050d473950dbfc2d1757f1f541f11e168036b4431024c8c343ad5ce004,7628.484916,241.12625,752.44175,1952251904,1952251904,2113116224,2113116224,1291.302794,5303.692498,532.846666,527.916459,527.681206,547.088623,531.70675,526.455085,527.434208,529.854168,523.144584,529.564749
h3,confirmation,11,/Users/teble/project/android/DexKit-benchmark-data/qq-9.3.55/formal/h3-confirm-p11/pair-03-baseline,3,0,baseline,03eddd050d473950dbfc2d1757f1f541f11e168036b4431024c8c343ad5ce004,7701.238458,248.696167,785.815458,2069725184,2069725184,2111985664,2111985664,1285.259375,5342.233631,567.187166,525.688084,533.081706,545.398626,529.622668,528.046921,527.941461,531.293627,526.704539,527.268833
h3,confirmation,11,/Users/teble/project/android/DexKit-benchmark-data/qq-9.3.55/formal/h3-confirm-p11/pair-03-h3,3,1,h3,6929c4263e59e4502323157ff710c7d5e2ac53ae004c6678f6ff09f03b846e1e,7191.6305,238.826334,727.363083,2135703552,2135703552,2115065856,2115065856,1213.594584,4971.242213,488.066209,485.241291,480.479834,495.954668,589.275833,488.422375,481.764998,482.117544,496.148585,483.770876
h3,confirmation,11,/Users/teble/project/android/DexKit-benchmark-data/qq-9.3.55/formal/h3-confirm-p11/pair-04-h3,4,0,h3,6929c4263e59e4502323157ff710c7d5e2ac53ae004c6678f6ff09f03b846e1e,7104.558375,236.701667,723.40675,2061139968,2061139968,2110052416,2110052416,1238.488414,4865.746329,493.146956,482.854334,484.545915,498.061833,488.14079,479.617373,489.959001,483.207543,484.601,481.611584
h3,confirmation,11,/Users/teble/project/android/DexKit-benchmark-data/qq-9.3.55/formal/h3-confirm-p11/pair-04-baseline,4,1,baseline,03eddd050d473950dbfc2d1757f1f541f11e168036b4431024c8c343ad5ce004,7603.803375,243.619375,708.228458,2073444352,2073444352,2106906624,2106906624,1268.659374,5344.76092,538.855335,533.374588,532.187248,549.201456,538.301669,534.143248,526.583167,531.612084,531.347126,529.154999
h3,confirmation,11,/Users/teble/project/android/DexKit-benchmark-data/qq-9.3.55/formal/h3-confirm-p11/pair-05-h3,5,0,h3,6929c4263e59e4502323157ff710c7d5e2ac53ae004c6678f6ff09f03b846e1e,7259.229417,235.030167,815.727917,2036973568,2036973568,2112985152,2112985152,1203.765291,4963.778168,488.87071,498.868626,484.707374,496.814581,486.827833,491.525374,485.371042,489.333001,488.116629,553.342998
h3,confirmation,11,/Users/teble/project/android/DexKit-benchmark-data/qq-9.3.55/formal/h3-confirm-p11/pair-05-baseline,5,1,baseline,03eddd050d473950dbfc2d1757f1f541f11e168036b4431024c8c343ad5ce004,7738.739333,240.382667,723.533208,1865973760,1865973760,2113542144,2113542144,1341.342836,5395.318406,544.326876,543.041206,539.508789,547.185082,536.351166,538.070374,532.258583,534.937167,533.428164,546.210999
