CDialogUtil#_#0	YW5kcm9pZC5wZXJtaXNzaW9uLlNFTkRfU01T
CFaceDe#_#0	cmVTZW5kRW1v
CFlashPicHelper#_#0	Rmxhc2hQaWNIZWxwZXI=
CBasePicDlProcessor#_#0	QmFzZVBpY0Rvd25sb2FkUHJvY2Vzc29yLm9uU3VjY2VzcygpOkRlbGV0ZSA=
CItemBuilderFactory#_#0	SXRlbUJ1aWxkZXIgaXM6IEQ=
CItemBuilderFactory#_#1	ZmluZEl0ZW1CdWlsZGVyOiBpbnZva2VkLg==
CAIOUtils#_#0	b3BlbkFJTyBieSBNVA==
CAbsGalScene#_#0	Z2FsbGVyeSBzZXRDb2xvciBibA==
CFavEmoConst#_#0	aHR0cDovL3AucXBpYy4=
CFavEmoConst#_#1	aHR0cHM6Ly9wLnFwaWMu
CMessageRecordFactory#_#0	Y3JlYXRlUGljTWVzc2FnZQ==
CArkAppItemBubbleBuilder#_#0	ZGVidWdBcmtNZXRhID0g
CPngFrameUtil#_#0	ZnVuYyBjaGVja1JhbmRvbVBuZ0V4
CPicEmoticonInfo#_#0	c2VuZCBlbW90aW9uICsgMTo=
CSimpleUiUtil#_#0	a2V5X3NpbXBsZV9zdGF0dXNfcw==
CTroopGiftUtil#_#0	LnRyb29wLnNlbmRfZ2lmdFRyb29wVXRpbHM=
CTroopGiftUtil#_#1	LnRyb29wLnNlbmRfZ2lmdFRyb29wTWVtYmVyVXRpbA==
CQzoneMsgNotify#_#0	dXNlIHNtYWxsIGljb24gLGV4cDo=
CAppConstants#_#0	LmluZGl2QW5pbS8=
CMessageCache#_#0	US5tc2cuTWVzc2FnZUNhY2hl
CScreenShotHelper#_#0	b25BY3Rpdml0eVJlc3VtZUhpZGVGbG9hdFZpZXc=
CTimeFormatterUtils#_#0	XkVFRUUk
CGroupAppActivity#_#0	b25EcmF3ZXJTdGFydE9wZW4=
CIntimateDrawer#_#0	b25EcmF3ZXJPcGVuZWQsIG5lZWRSZXFJbnRpbWF0ZUluZm86ICVz
CZipUtils#_#0	LFppcEVudHJ5IG5hbWU6IA==
CHttpDownloader#_#0	W3JlcG9ydEh0dHBzUmVzdWx0XSB1cmw9
CMultiMsgManager#_#0	W3NlbmRNdWx0aU1zZ11kYXRhLmxlbmd0aCA9IA==
CAvatarUtil#_#0	PT09Z2V0RGlzY3Vzc2lvblVpbkZyb21Qc3RuIHBzdG5EaXNjdXNzaW9uVWluIGlzIG51bGwgPT09
CFaceManager#_#0	RmFjZU1hbmFnZXI=
CAIOPictureView#_#0	QUlPUGljdHVyZVZpZXc=
CAIOPictureView#_#1	QUlPR2FsbGVyeVBpY1ZpZXc=
CGalleryBaseScene#_#0	R2FsbGVyeUJhc2VTY2VuZQ==
CGuildHelperProvider#_#0	Xkd1aWxkSGVscGVyUHJvdmlkZXIk
CGuildArkHelper#_#0	R3VpbGRBcmtIZWxwZXI=
CReplyMsgUtils#_#0	Z2VuZXJhdGVTb3VyY2VJbmZvIHNlbmRlciB1aW4gZXhjZXB0aW9uOg==
CReplyMsgSender#_#0	c2VuZFJlcGx5TWVzc2FnZSB1bmlzZXE9MA==
CPopOutEmoticonUtil#_#0	c3VwcG9ydFBvcE91dEVtb3RpY29uIGlzQzJDPQ==
CTestStructMsg#_#0	VGVzdFN0cnVjdE1zZw==
CSystemMessageProcessor#_#0	PC0tLWhhbmRsZUdldEZyaWVuZFN5c3RlbU1zZ1Jlc3AgOiBkZWNvZGUgcGIgZmlsdGVyZWQ=
COnlinePushPbPushTransMsg#_#0	UGJQdXNoVHJhbnNNc2cgbXV0ZUdlbmVyYWxGbGFnOg==
CFrameControllerInjectImpl#_#0	RnJhbWVDb250cm9sbGVySW5qZWN0SW1wbC5yZWNvdmVyVGFiQmx1ZXI=
ForwardSendPicUtil#_#0	Rm9yd2FyZFNlbmRQaWNVdGls
AbstractQQCustomMenuItem#_#0	UVFDdXN0b21NZW51SXRlbXt0aXRsZT0n
VasAttrBuilder#_#0	YXR0cnM=
Guild_Emo_Btn_Create_QQNT#_#0	bUVtb2ppTGF5b3V0
NBaseChatPie_init#_#0	aW5wdXQgc2V0IGVycm9y
NBaseChatPie_init#_#1	LCBtRGVmYXV0bEJ0bkxlZnQ6IA==
NBaseChatPie_createMulti#_#0	XmNyZWF0ZU11bHRpJA==
NBaseChatPie_chooseMsg#_#0	c2V0IGxlZnQgdGV4dCBmcm9tIGNhbmNlbA==
NLeftSwipeReplyHelper_reply#_#0	MFg4MDBBOTJG
NAtPanel_showDialogAtView#_#0	c2hvd0RpYWxvZ0F0Vmlldw==
NAtPanel_refreshUI#_#0	cmVzdWx0TGlzdCA9IG51bGw=
NFriendChatPie_updateUITitle#_#0	RnJpZW5kQ2hhdFBpZSB1cGRhdGVVSV90aQ==
NProfileCardUtil_getCard#_#0	aW5pdENhcmQgYlN1cGVyVmlwT3Blbj0=
NVasProfileTemplateController_onCardUpdate#_#0	b25DYXJkVXBkYXRlIGZhaWwu
NVasProfileTemplateController_onCardUpdate#_#1	b25DYXJkVXBkYXRlOiBiZ0lkPQ==
NQQSettingMe_updateProfileBubble#_#0	dXBkYXRlUHJvZmlsZUJ1YmJsZU1zZ1ZpZXc=
NQQSettingMe_onResume#_#0	LS0+b25SZXN1bWUh
NVipUtils_getPrivilegeFlags#_#0	Z2V0UHJpdmlsZWdlRmxhZ3MgRnJpZW5kcyBpcyBudWxs
NTroopChatPie_showNewTroopMemberCount#_#0	c2hvd05ld1Ryb29wTWVtYmVyQ291bnQgaW5mbyBpcyBudWxs
NConversation_onCreate#_#0	UmVjZW50X09uQ3JlYXRl
NBaseChatPie_mosaic#_#0	ZW5hYmxlTW9zYWljRWZmZWN0
NWebSecurityPluginV2_callback#_#0	Y2hlY2sgZmluaXNoIGpyPQ==
NTroopAppShortcutBarHelper_resumeAppShorcutBar#_#0	cmVzdW1lQXBwU2hvcmN1dEJhcg==
NChatActivityFacade_sendMsgButton#_#0	IHNlbmRNZXNzYWdlIHN0YXJ0IGN1cnJlbnR0aW1lOg==
NFriendsStatusUtil_isChatAtTop#_#0	aXNDaGF0QXRUb3AgcmVzdWx0IGlzOiA=
NVipUtils_getUserStatus#_#0	Z2V0VXNlclN0YXR1cyBGcmllbmRzIGlzIG51bGw=
NPhotoListPanel_resetStatus#_#0	cmVzZXRTdGF0dXMgc2VsZWN0U2l6ZTo=
NContactUtils_getDiscussionMemberShowName#_#0	Z2V0RGlzY3Vzc2lvbk1lbWJlclNob3dOYW1lIHVpbiBpcyBudWxs
NContactUtils_getBuddyName#_#0	Z2V0QnVkZHlOYW1lKCk=
NScene_checkDataRecmdRemarkList#_#0	Y2hlY2tEYXRhUmVjbWRSZW1hcmtMaXN0IGNhY2hlSW52YWxpZF90c190eXBlX3Ryb29wVWluPSViXyVkXyVkXyVz
NCustomWidgetUtil_updateCustomNoteTxt#_#0	Xk5FVyQ=
AIOTitleVB_updateLeftTopBack_NT#_#0	OTkr
CCustomWidgetUtil_updateCustomNoteTxt_NT#_#0	Zml4VGV4dFZpZXdMYXlvdXQgd3Jvbmc6IHBhcmFtcyB3cm9uZw==
NPadUtil_initDeviceType#_#0	aW5pdERldmljZVR5cGUgdHlwZSA9IA==
PaiYiPaiHandler_canSendReq#_#0	cGFpX3lpX3BhaV91c2VyX2RvdWJsZV90YXBfdGltZXN0YW1wXw==
TroopGuildChatPie_flingRToL#_#0	W2ZsaW5nUlRvTF0gaXNNdWx0aVNlbGVjdFN0YXRlOg==
BaseListenTogetherPanel_onUIModuleNeedRefresh#_#0	b25VSU1vZHVsZU5lZWRSZWZyZXNoLCBjaGVja1Nlc3Npb24gaXMgZmFsc2U=
EmotcationConstants#_#0	c2V0RW1vamlNYXAgZW1vamkncyBmaWxlIGlzIG51bGw=
GroupSpecialCare_getCareTroopMemberMsgText#_#0	Z2V0Q2FyZVRyb29wTWVtYmVyTXNnVGV4dDogaW52b2tlZC4gIHRyb29wTWVtYmVySXNDYXJlZDog
ChatPanel_InitPanel_QQNT#_#0	dXBkYXRlRnVuQnRu
AIO_Create_QQNT#_#0	cm9vdFZNQnVpbGQ=
AIO_Create_QQNT#_#1	cmVjdXJzaXZlQnVpbGRWTQ==
AIO_Destroy_QQNT#_#0	Q2hhdFBpZQ==	b25EZXN0cm95IA==
AIO_InputRootInit_QQNT#_#0	YmluZGluZw==	aW5wdXRSb290	ZmluZFZpZXdCeUlkKC4uLik=	Z2V0Q29udGV4dCguLi4p	c2VuZEJ0bg==
AIO_InputRootInit_QQNT#_#1	aW5wdXRSb290LmZpbmRWaWV3QnlJZChSLmlkLnNlbmRfYnRuKQ==
EmoMsgUtils_isSingleLottie_QQNT#_#0	aXMgVmFsaWQgRW1vamlGYWNlSWQ=
Reply_At_QQNT#_#0	bXNnSXRlbS5tc2dSZWNvcmQuc2VuZGVyVWlk
AIOMsgItemExt_HasInfo#_#0	YWlvTXNnSXRlbS5nZXRNc2dSZWNvcmQoKS5hbm9ueW1vdXNFeHRJbmZvICE9IG51bGw=
TroopSendFile_QQNT#_#0	c2VuZCBsb2NhbCB0byB0cm9vcCBmaWxlIHVzZSBudCwgZmlsZVBhdGg6
TroopEnterEffect_QQNT#_#0	cGxheUFuaW1haW9uczogaXNTaW1wbGVVSVN3aXRjaCA9IHRydWU=
NQZMoment_EntranceEnabled#_#0	S0VZX09QRU5fUVpNT01FTlRfRU5UUkFOQ0U=
DefaultFileModel#_#0	b25WaWRlb1BsYXllckVycm9yIDogZmlsZSBlbnRpdHkgaXMgbnVsbA==
FileBrowserActivity_InnerClass_onItemClick#_#0	R2VuZXJhbEZpbGVCcm93c2VyQWN0aXZpdHk=	cmVwb3J0U2hhcmVBY3Rpb25TaGVldENsaWNr
AIOTextElementCtor#_#0	dGV4dEVsZW1lbnQ=
AIOPicElementType#_#0	UGljRWxlbWVudChvcmlnUGF0aD0=
MultiSelectToBottomIntent#_#0	U2VsZWN0VG9Cb3R0b20oZGl2aWRpbmdMaW5lVG9wPQ==
MultiSelectBarVM#_#0	TXVsdGlTZWxlY3RCYXJWTQ==
AIOSendMsg#_#0	W3NlbmRNc2ddIGVsZW1lbnRzIGlzIGVtcHR5
AIODelegate_ISwipeListener#_#0	YWlvX2Rpc2FwcGVhcl90eXBl	Y2xvc2VfYWlv
NT_SysAndEmojiResInfo#_#0	TlRfU3lzQW5kRW1vamlSZXNJbmZv	cmVsb2FkRHJhd2FibGUgcmVzdGFydERvd25sb2FkOg==
X5_Properties_conf#_#0	c2V0dGluZ19mb3JjZVVzZVN5c3RlbVdlYnZpZXc=
X5_Properties_conf#_#1	cmVzdWx0X3N5c3RlbVdlYnZpZXdGb3JjZVVzZWQ=
X5_Properties_conf#_#2	ZGVidWcuY29uZg==
EmotionDownloadDisableSwitch#_#0	ZW1vdGlvbl9kb3dubG9hZF9kaXNhYmxlXzg5ODBfODg3MDM2NDg5
QQ_SETTING_ME_CONFIG_CLASS#_#0	6LaF57qnUVHnp4A=	5oiR55qE6KeG6aKR	5oiR55qE5paH5Lu2	5oiR55qE5pS26JeP	5oiR55qE55u45YaM	5YWN5rWB6YeP	5oiR55qE5Liq5oCn6KOF5omu	6LSi5a+M5bCP6YeR5bqT	5oiR55qEUVHpkrHljIU=	5byA6YCa5Lya5ZGY	5oiR55qE5bCP5LiW55WM
ChatSettingForTroop_InitUI_TIM#_#0	aW5pdFVJOiB0aW1lID0g
FormItem_TIM#_#0	Um9ib3RNZW1iZXJGb3JtSXRlbQ==	c2V0Um9ib3RSZWREb3Q=
QQSettingMeABTestHelper_isZPlanExpGroup_New#_#0	aXNaUGxhbkV4cEdyb3VwOiA=	UVFTZXR0aW5nTWVBQlRlc3RIZWxwZXI=
QQSettingMeABTestHelper_isZplanExpGroup_Old#_#0	aXNacGxhbkV4cEdyb3VwOiA=	UVFTZXR0aW5nTWVBQlRlc3RIZWxwZXI=
QQSettingMeABTestHelper_isV9ExpGroup#_#0	aXNWOUV4cEdyb3VwOiA=	UVFTZXR0aW5nTWVBQlRlc3RIZWxwZXI=
QQValueMethod#_#0	6IO96YeP5YC8Og==
QZoneFeedxTopEntranceMethod#_#0	ZmluZFZpZXdCeUlkKFIuaWQucXpvbmVfZmVlZHhfdG9wX2VudHJhbmNlX3ZpZXcp
CopyPromptHelper_handlePrompt#_#0	aGFuZGxlUHJvbXB0IGNvbnRlbnQgOiA=
PushNotificationManager_judgeAndAddGrayTips#_#0	Z2V0bVRvZGF5SGFkU2hvd0NvdW50ID4gc2hvd0NvdW50
RecentPopup_onClickAction#_#0	amlhaGFvLmZ1a3Vhbi5jbGljaw==
TroopInfoCardPageABConfig#_#0	ZW5hYmxlTmV3UGFnZUZyb21Ucm9vcFNldHRpbmdTd2l0Y2g9
PlusPanel_PanelAdapter#_#0	YXBwRGF0YUxpc3RzLnN1Ykxpc3Qoc3RhcnRJbmRleCwgZW5kSW5kZXgp
Hd_FakePhone_Method#_#0	c3RhdHVz	d29yZGluZw==	dGFyZ2V0X2Rlc2M=	dGFyZ2V0X25hbWU=
Hd_RemoveRedPackSkin_Class#_#0	57qi5YyF5bCB55qu
Hd_HandleQQSomeFunExit_fixFileView_Method#_#0	KGZpbGVFbGVtZW50LmZpbGVTaXplKQ==
Hd_AutoSendOriginalPhoto_guildPicker_Method#_#0	aXNSYXc=
Hd_AutoSendOriginalPhoto_photoListPanel_Method#_#0	cmVzZXRTdGF0dXMgc2VsZWN0U2l6ZTo=
Hd_DisableGrowHalfLayer_Method1#_#0	Z3Jvd19oYWxmX2xheWVyX2luZm8=	Z3Jvd19oYWxmX2xheWVyX3RlY2hfaW5mbw==
Hd_DisableGrowHalfLayer_Method2#_#0	c3RhcnQgc2hvd1Zhc0FEQmFubmVy
Hd_GagInfoDisclosure_Method#_#0	PC0tLTB4MmRjIHB1c2ggIGdyb3VwQ29kZTo=
RemoveAudioTransitionMethod#_#0	Z2V0RHJhd2FibGUgb25Db21wb3NpdGlvbkxvYWRlZCBsb3R0aWVDb21wb3NpdGlvbiBpcyBudWxsIG9yIG1Jc0Rlc3Ryb3llZA==
Hd_HideShortcutBar_Method_Troop#_#0	LGlzU2hvd2luZ0N1c3RvbVNob3J0Y3V0Og==
Hd_HideShortcutBar_Method_TroopApp#_#0	aXNTaG9ydGN1dEJhclZpc2libGVPckdvaW5nVG9CZVZpc2libGUgcmV0dXJuIGZhbHNlIGZvciBBSU9JY2VCcmVha1ZpZXdTaG93aW5n
UnlockTroopNameLimitClass#_#0	W+KYgC3in79d
DisableLightInteractionMethod#_#0	ZW1fYmFzX3Nob3J0Y3V0X2Jhcl9hYm92ZV9jMmNfaW5wdXRfYm94
Hd_HideTipsBar_Method#_#0	aW5pdEJhbm5lclZpZXcgfCBiYW5uZXIgPSA=
Hd_DisableFekitToAppDialog_Method#_#0	RFRBUElJbXBsLkZla2l0VG9BcHA=	b25TZWNEaXNwYXRjaFRvQXBwRXZlbnQgc2hvdyBkaWFsb2c=
RemoveSecurityTipsBanner_Method#_#0	W2RvT25DcmVhdGVd	VHJvb3BTZWN1cml0eVRpcHNCYXI=
Hd_RemoveEmoReplyMenu_Method#_#0	bXNnSXRlbSBpcyBub3Qgc3VwcG9ydCBlbW8gcmVwbHk=
PadUtil_getDeviceType#_#0	Y29udGV4dCBpcyBudWxs
SharePanelSceneData#_#0	U2hhcmVQYW5lbFNjZW5lRGF0YShzY2VuZUlkPQ==
SharePanel_Handler_OtherApp_openImageByOtherApp#_#0	U2hhcmVQYW5lbF9IYW5kbGVyX090aGVyQXBw	b3BlbkltYWdlQnlPdGhlckFwcCA=
SharePanel_Handler_OtherApp_openVideoByOtherApp#_#0	U2hhcmVQYW5lbF9IYW5kbGVyX090aGVyQXBw	b3BlblZpZGVvQnlPdGhlckFwcCA=
MsgListUtil_createMsgItem#_#0	TXNnTGlzdFV0aWw=	W2NyZWF0ZU1zZ0l0ZW1CeVR5cGVdIGVyci4gbXNnVHlwZT0=
Hd_HideChatPanelBtn_Method#_#0	cGVlclVpZA==	cGFuZWxDYWxsYmFjaw==
Hd_QuickReplayPaiYiPai_Method#_#0	SGlnaGxpZ2h0Q2xpY2thYmxlU3Bhbg==	Y2xpY2sgaGFuZGxlciBpcyBudWxsLiBhY3Rpb25UeXBlPQ==
Hd_RemoveReplyImagePreviewLimit_Method#_#0	QUlPTXNnUmVwbyBNc2dSZXBseUFiaWxpdHk=	W2ZpbmRTb3VyY2VPZlJlcGx5XSwgc291cmNlIHJlc3VsdCA9IA==
Hd_EnableGenChatSummary_Class#_#0	5pyq6K+75raI5oGv6L6D5aSa5pe277yM5Y+v5Lul6L+b6KGM576k6IGK5oC757uT	56uL5Y2z5oC757uT
Hd_CustomReportStep_Method#_#0	SGVhbHRoX1Nwb3J0UmVwb3J0SGVscGVy	aGVhbHRoX3N0ZXBfY291bnRfaGlzdG9yeQ==
Hd_CustomPetHomeBg_Method#_#0	QUlGaWxlTW9kdWxl	VXBkYXRlU3lzdGVtRGF0YQ==
Hd_ChatsListAdapter_CLASS#_#0	Q2hhdHNMaXN0QWRhcHRlcg==	W29uQmluZFZpZXdIb2xkZXItcGF5bG9hZF0gdGhyb3c6
Hd_ChatsListVB_OnCreateView_Method#_#0	b25DcmVhdGVWaWV3
BlockPicByMd5_EmotionPreviewDataV2#_#0	TXNnRW1vdGljb25QcmV2aWV3RGF0YQ==
